writer_id,document_id,source_name,source_url,license_or_permission,writer_identity_known,notes
W001,W001_DOC001,NEEDS_USER_INPUT,NEEDS_USER_INPUT,TEACHER_APPROVED_SOURCE; REDISTRIBUTION_STATUS_UNKNOWN,unknown,Fill source URL and confirm whether pages share one writer.
W0010,W0010_DOC001,NEEDS_USER_INPUT,NEEDS_USER_INPUT,TEACHER_APPROVED_SOURCE; REDISTRIBUTION_STATUS_UNKNOWN,unknown,Fill source URL and confirm whether pages share one writer.
W0011,W0011_DOC001,NEEDS_USER_INPUT,NEEDS_USER_INPUT,TEACHER_APPROVED_SOURCE; REDISTRIBUTION_STATUS_UNKNOWN,unknown,Fill source URL and confirm whether pages share one writer.
W002,W002_DOC001,NEEDS_USER_INPUT,NEEDS_USER_INPUT,TEACHER_APPROVED_SOURCE; REDISTRIBUTION_STATUS_UNKNOWN,unknown,Fill source URL and confirm whether pages share one writer.
W003,W003_DOC001,NEEDS_USER_INPUT,NEEDS_USER_INPUT,TEACHER_APPROVED_SOURCE; REDISTRIBUTION_STATUS_UNKNOWN,unknown,Fill source URL and confirm whether pages share one writer.
W004,W004_DOC001,NEEDS_USER_INPUT,NEEDS_USER_INPUT,TEACHER_APPROVED_SOURCE; REDISTRIBUTION_STATUS_UNKNOWN,unknown,Fill source URL and confirm whether pages share one writer.
W005,W005_DOC001,NEEDS_USER_INPUT,NEEDS_USER_INPUT,TEACHER_APPROVED_SOURCE; REDISTRIBUTION_STATUS_UNKNOWN,unknown,Fill source URL and confirm whether pages share one writer.
W006,W006_DOC001,NEEDS_USER_INPUT,NEEDS_USER_INPUT,TEACHER_APPROVED_SOURCE; REDISTRIBUTION_STATUS_UNKNOWN,unknown,Fill source URL and confirm whether pages share one writer.
W007,W007_DOC001,NEEDS_USER_INPUT,NEEDS_USER_INPUT,TEACHER_APPROVED_SOURCE; REDISTRIBUTION_STATUS_UNKNOWN,unknown,Fill source URL and confirm whether pages share one writer.
W008,W008_DOC001,NEEDS_USER_INPUT,NEEDS_USER_INPUT,TEACHER_APPROVED_SOURCE; REDISTRIBUTION_STATUS_UNKNOWN,unknown,Fill source URL and confirm whether pages share one writer.
W009,W009_DOC001,NEEDS_USER_INPUT,NEEDS_USER_INPUT,TEACHER_APPROVED_SOURCE; REDISTRIBUTION_STATUS_UNKNOWN,unknown,Fill source URL and confirm whether pages share one writer.
