crop_id,image_path,source_page,writer_id,x_min,y_min,x_max,y_max,label_raw,label_normalized,label_confidence,segmentation_confidence,review_required,review_status,notes,reviewer_notes,metadata_file,metadata_row,resolved_image_path,label,label_codepoints,image_exists,image_width,image_height,pixel_std,ink_ratio,auto_decision,auto_reason,group_id
W008_P001_L005,lines_raw/W008_P001_L005.png,page_001.png,W008,27,275,839,323,,,0.0,0.95,True,unclear,Uncertain ambiguous handwriting / stray glyph between បាន and ជ្រាប; marked unclear for human confirmation.,Uncertain ambiguous handwriting / stray glyph between បាន and ជ្រាប; marked unclear for human confirmation.,data/handwritten_external/W008/line_metadata.csv,6,/Users/macbookpro/Desktop/Development/khmer-handwritten-word-recognition/data/handwritten_external/W008/lines_raw/W008_P001_L005.png,,0,True,812,48,48.378,0.944119,reject,empty_label,W008
W008_P001_L022,lines_raw/W008_P001_L022.png,page_001.png,W008,30,1038,839,1087,,,0.0,0.95,True,unclear,Uncertain handwriting order and glyph reading around ឆ្នាំមួយ vs មួយឆ្នាំ មុនគ្រឹស្តសករាជ; marked unclear for human confirmation.,Uncertain handwriting order and glyph reading around ឆ្នាំមួយ vs មួយឆ្នាំ មុនគ្រឹស្តសករាជ; marked unclear for human confirmation.,data/handwritten_external/W008/line_metadata.csv,23,/Users/macbookpro/Desktop/Development/khmer-handwritten-word-recognition/data/handwritten_external/W008/lines_raw/W008_P001_L022.png,,0,True,809,49,48.2624,0.932469,reject,empty_label,W008
W001_P001_L001,lines_raw/W001_P001_L001.png,page_001.png,W001,333,356,681,389,,,0.0,0.95,True,rejected,Line crop; human transcription required; inspect possible header or source-overlay contamination,"AI pre-review: exact character-level transcription is unsafe at the available 29–33 px crop height; uncertain at the entire short heading, especially the leftmost cluster. label_raw intentionally left blank; human transcription required.",data/handwritten_external/W001/line_metadata.csv,2,/Users/macbookpro/Desktop/Development/khmer-handwritten-word-recognition/data/handwritten_external/W001/lines_raw/W001_P001_L001.png,,0,True,348,33,43.6361,0.145333,reject,source_marked_rejected,W001
W0010_P003_L013,lines_raw/W0010_P003_L013.png,page_003.png,W0010,41,1054,1237,1084,,,0.0,0.95,True,rejected,Blank dotted form rule with no handwriting,,data/handwritten_external/W0010/line_metadata.csv,62,/Users/macbookpro/Desktop/Development/khmer-handwritten-word-recognition/data/handwritten_external/W0010/lines_raw/W0010_P003_L013.png,,0,True,1196,30,26.9009,0.087012,reject,source_marked_rejected,W0010
W0011_P001_L006,lines_raw/W0011_P001_L006.png,page_001.png,W0011,613,406,1271,485,,,0.0,0.95,True,rejected,Prompt-box bottom border with no handwritten text,,data/handwritten_external/W0011/line_metadata.csv,7,/Users/macbookpro/Desktop/Development/khmer-handwritten-word-recognition/data/handwritten_external/W0011/lines_raw/W0011_P001_L006.png,,0,True,658,79,53.3522,0.712978,reject,source_marked_rejected,W0011
W004_P001_L005,lines_raw/W004_P001_L005.png,page_001.png,W004,123,226,779,256,,,0.0,0.95,False,rejected,Stray crop artifact (subscript stroke overlap between lines 4 and 6),Stray crop artifact (subscript stroke overlap between lines 4 and 6),data/handwritten_external/W004/line_metadata.csv,6,/Users/macbookpro/Desktop/Development/khmer-handwritten-word-recognition/data/handwritten_external/W004/lines_raw/W004_P001_L005.png,,0,True,656,30,35.7889,0.978913,reject,source_marked_rejected,W004
W004_P001_L008,lines_raw/W004_P001_L008.png,page_001.png,W004,75,329,751,359,,,0.0,0.95,False,rejected,Stray crop artifact (interline stroke sliver),Stray crop artifact (interline stroke sliver),data/handwritten_external/W004/line_metadata.csv,9,/Users/macbookpro/Desktop/Development/khmer-handwritten-word-recognition/data/handwritten_external/W004/lines_raw/W004_P001_L008.png,,0,True,676,30,52.6926,0.942554,reject,source_marked_rejected,W004
W004_P001_L014,lines_raw/W004_P001_L014.png,page_001.png,W004,87,592,768,622,,,0.0,0.95,False,rejected,Stray crop artifact (interline stroke sliver),Stray crop artifact (interline stroke sliver),data/handwritten_external/W004/line_metadata.csv,15,/Users/macbookpro/Desktop/Development/khmer-handwritten-word-recognition/data/handwritten_external/W004/lines_raw/W004_P001_L014.png,,0,True,681,30,54.9366,0.89814,reject,source_marked_rejected,W004
W004_P001_L016,lines_raw/W004_P001_L016.png,page_001.png,W004,26,644,797,675,,,0.0,0.95,False,rejected,Stray crop artifact (interline stroke sliver),Stray crop artifact (interline stroke sliver),data/handwritten_external/W004/line_metadata.csv,17,/Users/macbookpro/Desktop/Development/khmer-handwritten-word-recognition/data/handwritten_external/W004/lines_raw/W004_P001_L016.png,,0,True,771,31,58.4693,0.892222,reject,source_marked_rejected,W004
W004_P003_L021,lines_raw/W004_P003_L021.png,page_003.png,W004,45,1124,679,1193,,,0.0,0.95,True,rejected,Incomplete line cropped by source screenshot bottom edge,,data/handwritten_external/W004/line_metadata.csv,69,/Users/macbookpro/Desktop/Development/khmer-handwritten-word-recognition/data/handwritten_external/W004/lines_raw/W004_P003_L021.png,,0,True,634,69,56.9247,0.762767,reject,source_marked_rejected,W004
W004_P004_L019,lines_raw/W004_P004_L019.png,page_004.png,W004,64,967,680,1022,,,0.0,0.95,True,rejected,Incomplete line truncated by safe screenshot ROI near bottom overlay,,data/handwritten_external/W004/line_metadata.csv,88,/Users/macbookpro/Desktop/Development/khmer-handwritten-word-recognition/data/handwritten_external/W004/lines_raw/W004_P004_L019.png,,0,True,616,55,69.5973,0.769658,reject,source_marked_rejected,W004
W004_P004_L020,lines_raw/W004_P004_L020.png,page_004.png,W004,65,1018,706,1073,,,0.0,0.95,True,rejected,Incomplete line truncated by safe screenshot ROI near bottom overlay,,data/handwritten_external/W004/line_metadata.csv,89,/Users/macbookpro/Desktop/Development/khmer-handwritten-word-recognition/data/handwritten_external/W004/lines_raw/W004_P004_L020.png,,0,True,641,55,68.4847,0.702794,reject,source_marked_rejected,W004
W004_P004_L021,lines_raw/W004_P004_L021.png,page_004.png,W004,63,1069,686,1131,,,0.0,0.95,True,rejected,Incomplete line truncated by safe screenshot ROI near bottom overlay,,data/handwritten_external/W004/line_metadata.csv,90,/Users/macbookpro/Desktop/Development/khmer-handwritten-word-recognition/data/handwritten_external/W004/lines_raw/W004_P004_L021.png,,0,True,623,62,65.8614,0.729146,reject,source_marked_rejected,W004
W004_P005_L020,lines_raw/W004_P005_L020.png,page_005.png,W004,47,1065,689,1140,,,0.0,0.95,True,rejected,Merged punctuation fragment and incomplete next line at screenshot bottom edge,,data/handwritten_external/W004/line_metadata.csv,110,/Users/macbookpro/Desktop/Development/khmer-handwritten-word-recognition/data/handwritten_external/W004/lines_raw/W004_P005_L020.png,,0,True,642,75,54.6385,0.800955,reject,source_marked_rejected,W004
W005_P001_L007,lines_raw/W005_P001_L007.png,page_001.png,W005,51,500,1233,528,,,0.0,0.95,True,rejected,Fragment-only duplicate band caused by ruled-form projection peak,,data/handwritten_external/W005/line_metadata.csv,8,/Users/macbookpro/Desktop/Development/khmer-handwritten-word-recognition/data/handwritten_external/W005/lines_raw/W005_P001_L007.png,,0,True,1182,28,39.6217,0.99438,reject,source_marked_rejected,W005
W005_P001_L011,lines_raw/W005_P001_L011.png,page_001.png,W005,51,641,1233,669,,,0.0,0.95,True,rejected,Fragment-only duplicate band caused by ruled-form projection peak,,data/handwritten_external/W005/line_metadata.csv,12,/Users/macbookpro/Desktop/Development/khmer-handwritten-word-recognition/data/handwritten_external/W005/lines_raw/W005_P001_L011.png,,0,True,1182,28,37.9358,0.999063,reject,source_marked_rejected,W005
W005_P001_L017,lines_raw/W005_P001_L017.png,page_001.png,W005,51,878,1233,906,,,0.0,0.95,True,rejected,Fragment-only duplicate band caused by ruled-form projection peak,,data/handwritten_external/W005/line_metadata.csv,18,/Users/macbookpro/Desktop/Development/khmer-handwritten-word-recognition/data/handwritten_external/W005/lines_raw/W005_P001_L017.png,,0,True,1182,28,36.9626,0.998942,reject,source_marked_rejected,W005
W005_P002_L006,lines_raw/W005_P002_L006.png,page_002.png,W005,51,567,1233,595,,,0.0,0.95,True,rejected,Fragment-only duplicate band caused by ruled-form projection peak,,data/handwritten_external/W005/line_metadata.csv,35,/Users/macbookpro/Desktop/Development/khmer-handwritten-word-recognition/data/handwritten_external/W005/lines_raw/W005_P002_L006.png,,0,True,1182,28,46.3355,0.988156,reject,source_marked_rejected,W005
W005_P002_L008,lines_raw/W005_P002_L008.png,page_002.png,W005,51,615,1233,643,,,0.0,0.95,True,rejected,Fragment-only duplicate band caused by ruled-form projection peak,,data/handwritten_external/W005/line_metadata.csv,37,/Users/macbookpro/Desktop/Development/khmer-handwritten-word-recognition/data/handwritten_external/W005/lines_raw/W005_P002_L008.png,,0,True,1182,28,45.4706,0.971235,reject,source_marked_rejected,W005
W005_P003_L020,lines_raw/W005_P003_L020.png,page_003.png,W005,51,1375,1233,1404,,,0.0,0.95,True,rejected,Fragment-only duplicate band caused by ruled-form projection peak,,data/handwritten_external/W005/line_metadata.csv,78,/Users/macbookpro/Desktop/Development/khmer-handwritten-word-recognition/data/handwritten_external/W005/lines_raw/W005_P003_L020.png,,0,True,1182,29,43.9967,0.996237,reject,source_marked_rejected,W005
W005_P003_L028,lines_raw/W005_P003_L028.png,page_003.png,W005,51,1717,1233,1746,,,0.0,0.95,True,rejected,Fragment-only duplicate band caused by ruled-form projection peak,,data/handwritten_external/W005/line_metadata.csv,86,/Users/macbookpro/Desktop/Development/khmer-handwritten-word-recognition/data/handwritten_external/W005/lines_raw/W005_P003_L028.png,,0,True,1182,29,36.6566,0.999912,reject,source_marked_rejected,W005
W005_P004_L027,lines_raw/W005_P004_L027.png,page_004.png,W005,31,1042,741,1085,,,0.0,0.95,True,rejected,Printed page number overlaps the handwriting descender zone and cannot be safely trimmed,,data/handwritten_external/W005/line_metadata.csv,114,/Users/macbookpro/Desktop/Development/khmer-handwritten-word-recognition/data/handwritten_external/W005/lines_raw/W005_P004_L027.png,,0,True,710,43,39.9163,0.999803,reject,source_marked_rejected,W005
W006_P001_L001,lines_raw/W006_P001_L001.png,page_001.png,W006,282,209,623,231,,,0.0,0.95,True,rejected,Empty printed form-border band above the handwritten prompt,,data/handwritten_external/W006/line_metadata.csv,2,/Users/macbookpro/Desktop/Development/khmer-handwritten-word-recognition/data/handwritten_external/W006/lines_raw/W006_P001_L001.png,,0,True,341,22,42.9483,0.367235,reject,source_marked_rejected,W006
W007_P001_L003,lines_raw/W007_P001_L003.png,page_001.png,W007,537,187,1147,233,,,0.0,0.95,False,rejected,Interline sliver artifact without readable text,Interline sliver artifact without readable text,data/handwritten_external/W007/line_metadata.csv,4,/Users/macbookpro/Desktop/Development/khmer-handwritten-word-recognition/data/handwritten_external/W007/lines_raw/W007_P001_L003.png,,0,True,610,46,29.4884,1.0,reject,source_marked_rejected,W007
W007_P001_L019,lines_raw/W007_P001_L019.png,page_001.png,W007,44,1409,1147,1465,,,0.0,0.95,False,rejected,Interline sliver artifact without readable text,Interline sliver artifact without readable text,data/handwritten_external/W007/line_metadata.csv,20,/Users/macbookpro/Desktop/Development/khmer-handwritten-word-recognition/data/handwritten_external/W007/lines_raw/W007_P001_L019.png,,0,True,1103,56,30.8927,0.999968,reject,source_marked_rejected,W007
W007_P004_L011,lines_raw/W007_P004_L011.png,page_004.png,W007,96,850,1147,896,,,0.0,0.95,True,rejected,Fragment-only duplicate band caused by tall cursive stroke projection peak,,data/handwritten_external/W007/line_metadata.csv,73,/Users/macbookpro/Desktop/Development/khmer-handwritten-word-recognition/data/handwritten_external/W007/lines_raw/W007_P004_L011.png,,0,True,1051,46,35.333,0.999276,reject,source_marked_rejected,W007
W007_P004_L020,lines_raw/W007_P004_L020.png,page_004.png,W007,48,1512,1147,1564,,,0.0,0.95,True,rejected,Fragment-only duplicate band caused by tall cursive stroke projection peak,,data/handwritten_external/W007/line_metadata.csv,82,/Users/macbookpro/Desktop/Development/khmer-handwritten-word-recognition/data/handwritten_external/W007/lines_raw/W007_P004_L020.png,,0,True,1099,52,30.2544,1.0,reject,source_marked_rejected,W007
W007_P005_L011,lines_raw/W007_P005_L011.png,page_005.png,W007,237,850,1147,898,,,0.0,0.95,True,rejected,Fragment-only duplicate band merged into W007_P005_L010,,data/handwritten_external/W007/line_metadata.csv,94,/Users/macbookpro/Desktop/Development/khmer-handwritten-word-recognition/data/handwritten_external/W007/lines_raw/W007_P005_L011.png,,0,True,910,48,36.7272,0.999679,reject,source_marked_rejected,W007
W007_P005_L021,lines_raw/W007_P005_L021.png,page_005.png,W007,155,1607,1147,1653,,,0.0,0.95,True,rejected,Fragment-only band containing descenders and page number,,data/handwritten_external/W007/line_metadata.csv,104,/Users/macbookpro/Desktop/Development/khmer-handwritten-word-recognition/data/handwritten_external/W007/lines_raw/W007_P005_L021.png,,0,True,992,46,14.8651,1.0,reject,source_marked_rejected,W007
W009_P002_L028,lines_raw/W009_P002_L028.png,page_002.png,W009,88,1685,1241,1736,,,0.0,0.95,True,rejected,Handwritten source/date attribution outside essay content,,data/handwritten_external/W009/line_metadata.csv,57,/Users/macbookpro/Desktop/Development/khmer-handwritten-word-recognition/data/handwritten_external/W009/lines_raw/W009_P002_L028.png,,0,True,1153,51,72.8489,0.314746,reject,source_marked_rejected,W009
