image,label,writer_id
data/handwritten_external/W001/lines_raw/W001_P001_L002.png,នៅលើសកលលោកយើងនេះ គ្រប់បណ្តាមនុស្ស ជាច្រើនរមែង,W001
data/handwritten_external/W001/lines_raw/W001_P001_L003.png,តែងតែប្រាថ្នាចង់បាននូវសុខសន្តិភាព សុភមង្គលគ្រប់ៗគ្នា,W001
data/handwritten_external/W001/lines_raw/W001_P001_L004.png,នៅដោយមានការចេះអធ្យាស្រ័យគ្នា ទៅវិញទៅមក...... រស់នៅដោយមាន,W001
data/handwritten_external/W001/lines_raw/W001_P001_L005.png,ភាពសមរម្យស្របប្រកប...... ប្រកាន់យកភាពជាបងប្អូន រៀងៗ ខ្លួន...... គឺ ជា បំណង,W001
data/handwritten_external/W001/lines_raw/W001_P001_L006.png,របស់ប្រជាជន ទាំងមូល ដើម្បីរស់នៅបានសុខសាន្ត ។... ដោយហេតុថាគ្រប់,W001
data/handwritten_external/W001/lines_raw/W001_P001_L007.png,មនុស្សទាំងអស់ គឺរស់នៅ មាន លក្ខណៈជាកុសលលក្ខណ៍...... ជាក្រុមៗដើម្បី ប្រា,W001
data/handwritten_external/W001/lines_raw/W001_P001_L008.png,ស្រ័យទាក់ទងគ្នា ទៅវិញទៅមក...... ។...... ឯព្រះពុទ្ធសាសនាក៏មាន នាទី យ៉ាងសំខាន់ ដើរ,W001
data/handwritten_external/W001/lines_raw/W001_P001_L009.png,ខាងផ្នែក សម្រាប់ប្រជាជន... ក៏ដូច ជាពុទ្ធបរិស័ទ... ដែលជាពុទ្ធសាសនិកដែរ...,W001
data/handwritten_external/W001/lines_raw/W001_P001_L010.png,ពុទ្ធសាសនា បានដើរតួយ៉ាង សំខាន់... ក្នុងការអប់រំផ្លូវកាយ និងផ្លូវ ចិត្តរបស់,W001
data/handwritten_external/W001/lines_raw/W001_P001_L011.png,ណាស់ដែល ប្រតិបត្តិ តាមគន្លង ធម៌ របស់ព្រះពុទ្ធ ដែរ ។... ហេតុនេះ,W001
data/handwritten_external/W001/lines_raw/W001_P001_L012.png,ហើយទើបបានជាទស្សនៈ មួយបានលើកឡើងថា “ ទ្រព្យសម្បត្តិ ដ៏ល្អ...,W001
data/handwritten_external/W001/lines_raw/W001_P001_L013.png,សាសនា... បានធ្វើឱ្យមានវិទ្យាសាស្ត្រ សន្តិភាព... » ។,W001
data/handwritten_external/W001/lines_raw/W001_P001_L014.png,តើ ទស្សនៈ ខាងលើនេះ មាន អត្ថន័យ និងខ្លឹមសារដូចម្តេចខ្លះ... ?,W001
data/handwritten_external/W001/lines_raw/W001_P001_L015.png,ដើម្បីជាស្ពានឈាន ទៅដល់ ការបកស្រាយ ន័យនៃទស្សនៈ... ប្រធាន,W001
data/handwritten_external/W001/lines_raw/W001_P001_L016.png,ខាងលើឱ្យ បាន... ក្បោះក្បាយ... ស៊ីជម្រៅ... មានន័យទូលំទូលាយស្តាប់បាន,W001
data/handwritten_external/W001/lines_raw/W001_P001_L017.png,ទៅទទួលយកប្រធានបទនោះ យើង... គប្បី ត្រូវស្វែងយល់ នូវអត្ថន័យនៃពាក្យ,W001
data/handwritten_external/W001/lines_raw/W001_P001_L018.png,គន្លឹះ មួយចំនួន សិន ។... « ព្រះពុទ្ធសាសនា » មានន័យថា... ជាសាសនា,W001
data/handwritten_external/W001/lines_raw/W001_P001_L019.png,ដ៏ខ្ពង់ខ្ពស់ដែលធ្វើឱ្យ ពុទ្ធសាសនិក ទាំងអស់ មានជំនឿសប់... និង ជឿសាសនា,W001
data/handwritten_external/W001/lines_raw/W001_P001_L020.png,ដែលបង្កើត ឡើងដោយព្រះបរមគ្រូ នៃយើង ។... ឯពាក្យ « វិទ្យាសាស្ត្រ » គឺ,W001
data/handwritten_external/W001/lines_raw/W001_P001_L021.png,ជាការសាបព្រោះ នូវ ចំណេះដឹង ។... ចំណែក « សន្តិភាព » ជាភាពស្ងប់,W001
data/handwritten_external/W001/lines_raw/W001_P001_L022.png,ដែល មានលក្ខណៈ ស្ងប់ស្ងាត់... សុខសាន្ត... ភាពគ្មានសង្គ្រាម... ដូចនេះ,W001
data/handwritten_external/W001/lines_raw/W001_P001_L023.png,ទស្សនៈ ប្រធាន ខាងលើដែល... លើកឡើងថា... ទ្រព្យ... សម្បត្តិ ព្រះពុទ្ធ,W001
data/handwritten_external/W001/lines_raw/W001_P001_L024.png,សាសនា ដែល កើតមកដោយ ព្រះបរមគ្រូននៃយើង នេះ... បានធ្វើឱ្យមាន,W001
data/handwritten_external/W001/lines_raw/W001_P001_L025.png,ការសាបព្រោះ... នូវចំណេះដឹង ផ្សេងៗ ដែលជាហេតុនាំឱ្យ មាន,W001
data/handwritten_external/W001/lines_raw/W001_P002_L001.png,សុខសន្តិភាព... ពេលនោះ គឺជា ភាពសុខសាន្ត... ។,W001
data/handwritten_external/W001/lines_raw/W001_P002_L002.png,ជាការពិតណាស់... ព្រះពុទ្ធសាសនា ដើរតួយ៉ាងសំខាន់ ណាស់ចំពោះ...,W001
data/handwritten_external/W001/lines_raw/W001_P002_L003.png,សង្គមខ្មែរ... ដែលជា នាវានាំឆ្ពោះ... ទៅរកភាពសុខសាន្ត... ។ បើយើងងាក ត្រឡប់,W001
data/handwritten_external/W0010/lines_raw/W0010_P001_L001.png,.........................................................................សេចក្តីអធិប្បាយ..........................................................,W0010
data/handwritten_external/W0010/lines_raw/W0010_P001_L002.png,...........កម្ពុជាទេស..គឺជាប្រទេសមួយដែលមានប្រវត្តិសាស្ត្រដ៏យូរលង់.និងជាទឹកដីសម្បូរ..,W0010
data/handwritten_external/W0010/lines_raw/W0010_P001_L003.png,ទៅដោយសម្បត្តិបេតិកភណ្ឌទាំងរូបី..និងអរូបីដ៏មហាសាលជាកេរមរតកបន្សល់ទុកពី,W0010
data/handwritten_external/W0010/lines_raw/W0010_P001_L004.png,ដូនតា...។..ឈរលើមូលដ្ឋានដ៏សម្បូរបែបនេះ.បុព្វបុរសខ្មែរបានសម្រិតសម្រាំងបង្កើតនូវ,W0010
data/handwritten_external/W0010/lines_raw/W0010_P001_L005.png,អក្សរសិល្ប៍ជាច្រើន.ដែលរៀបបញ្ចូលគ្នាយ៉ាងជិតដិតរវាងព្រឹត្តិការណ៍ប្រវត្តិសាស្ត្រ.និង,W0010
data/handwritten_external/W0010/lines_raw/W0010_P001_L006.png,គំនិតទស្សនវិជ្ជាអប់រំ.ដែលបានដកស្រង់ចេញពីបទពិសោធជាក់ស្តែង.រួចច្នៃទៅជានិមិត្ត,W0010
data/handwritten_external/W0010/lines_raw/W0010_P001_L007.png,រូបរូបវន្តនៃសិល្បៈដ៏មានតម្លៃ...។..ក្នុងចំណោមស្នាដៃទាំងនោះ..«..ច្បាប់ព្រះរាជសម្ភារ..ជាស្នា...,W0010
data/handwritten_external/W0010/lines_raw/W0010_P001_L008.png,ព្រះហស្តរបស់ព្រះរាជសម្ភារ.ឬចៅពញាតូច.១៦២៩..មានពាក្យពេចន៍លួងលោមជាដំបូន្មាន.,W0010
data/handwritten_external/W0010/lines_raw/W0010_P001_L009.png,សម្រាប់ជនប្រុសស្រី..»..។...វិភាគមួយនេះ.គឺជាស្នូលពុម្ពនៃអក្សរសិល្ប៍..ដែលត្រូវ..,W0010
data/handwritten_external/W0010/lines_raw/W0010_P001_L010.png,បានរៀបចំឡើងក្នុងគោលបំណងអប់រំ..តម្រង់ទិស...កែច្នៃនូវកាយ.វាចា..ចិត្ត..របស់ជន...,W0010
data/handwritten_external/W0010/lines_raw/W0010_P001_L011.png,ទាំងប្រុសស្រីនៅក្នុងសង្គមជាតិ។..........................................................................,W0010
data/handwritten_external/W0010/lines_raw/W0010_P001_L012.png,..............ជាការពិតណាស់.ការបង្កើតច្បាប់ទូន្មានទាំងនេះ.មិនត្រឹមតែផ្តល់នូវចំណេះដឹង.មួយ.,W0010
data/handwritten_external/W0010/lines_raw/W0010_P001_L013.png,មុខនោះទេ..ប៉ុន្តែគឺជាការលាបព្រោះ..បណ្តុះនូវពូជនៃសីលធម៌..គុណធម៌...ចរិយាធម៌....,W0010
data/handwritten_external/W0010/lines_raw/W0010_P001_L014.png,ដើម្បីឱ្យមនុស្សរស់នៅក្នុងសង្គមមានតម្លៃថ្លៃថ្នូរ...និងមានប្រយោជន៍សម្រាប់ខ្លួនឯង.គ្រួសារ,W0010
data/handwritten_external/W0010/lines_raw/W0010_P001_L015.png,ជនទាំងប្រុសស្រីឱ្យមានស្មារតីប្រុងប្រយ័ត្នខ្ពស់ចំពោះការសម្រេចចិត្ត...។..មនុស្សយើង..,W0010
data/handwritten_external/W0010/lines_raw/W0010_P001_L016.png,ទោះបីមានភាពស្និទ្ធស្នាលនឹងគ្នាខ្លាំងប៉ុណ្ណាក៏ដោយ.ក៏មិនត្រូវទុកចិត្តគ្នាពេកនោះដែរ...,W0010
data/handwritten_external/W0010/lines_raw/W0010_P001_L017.png,តែយើងត្រូវព្យាយាមអប់រំខ្លួនយើងឱ្យស្ថិតនៅក្នុងអំពើល្អ..បរិសុទ្ធដោយកាយ.វាចា..ចិត្ត,W0010
data/handwritten_external/W0010/lines_raw/W0010_P001_L018.png,ទើបហៅថា ជាមនុស្សល្អ..។..ជាក់ស្តែងត្រង់ល្បះទី១..ទំព័រទី១..បានផ្តល់ដំបូន្មានថា «កុំទុក,W0010
data/handwritten_external/W0010/lines_raw/W0010_P001_L019.png,ចិត្តបរទេស..កុំទុកចិត្តអភិជនស្រី...កុំទុកចិត្តអភិប្រាយ...ក្រែងនាំទ្រព្យខុស..រំពឹងឱ្យក្លាយ,W0010
data/handwritten_external/W0010/lines_raw/W0010_P001_L020.png,ផ្តល់ដំបូន្មានឱ្យយើងប្រុងប្រយ័ត្នចំពោះពាក្យសម្តី..ចំពោះការសេពគប់មិត្តភក្តិ..ជាសម្ព័ន្ធ.,W0010
data/handwritten_external/W0010/lines_raw/W0010_P001_L021.png,នឹងស្រី..ព្រោះអាចនាំឱ្យមានក្តីវិនាសណាមួយកើតឡើង..។..មិនតែប៉ុណ្ណោះ..ច្បាប់...,W0010
data/handwritten_external/W0010/lines_raw/W0010_P001_L022.png,ព្រះរាជសម្ភារបានផ្តល់ដំបូន្មានចំពោះសាធារណៈកុំឱ្យប្រព្រឹត្តអំពើពុំគប្បីខុសលើច្បាប់សាសនា,W0010
data/handwritten_external/W0010/lines_raw/W0010_P002_L001.png,សមដូចច្បាប់បញ្ជាក់ត្រង់ល្បះទី៤..ទំព័រទី១...«កុំចងក្តីដោយខ្យល់..កុំខ្វិនពាក្យពោល.កុំខ្វល់,W0010
data/handwritten_external/W0010/lines_raw/W0010_P002_L002.png,ដោយស្ម័គ្រ...កុំកាន់ពិលយង់...កុំបង់រស្មី..កុំឈ្លីសោភាជនដី..កុំឱ្យក្តីត្រង់»..។..ជាងនេះទៅទៀត...,W0010
data/handwritten_external/W0010/lines_raw/W0010_P002_L003.png,ច្បាប់នេះបានផ្តល់ដំបូន្មានបន្ថែមថា..ជនទាំងពួងរស់នៅត្រូវមានចិត្តមេត្តា.ករុណា.មុទិតា...,W0010
data/handwritten_external/W0011/lines_raw/W0011_P001_L001.png,ប្រធាន: នៅក្នុងច្បាប់ល្បើកថ្មី,W0011
data/handwritten_external/W0011/lines_raw/W0011_P001_L002.png,របស់ព្រះភិរម្យភាសាអ៊ូ ហៅង៉ុយបានចែងថា “ បម្រើម្ចាស់ពិត ប្រុងក្តី,W0011
data/handwritten_external/W0011/lines_raw/W0011_P001_L003.png,ឲ្យមត់ ស្មារតីឲ្យមាន សៅហ្មងឲ្យបាត់ សេពគប់,W0011
data/handwritten_external/W0011/lines_raw/W0011_P001_L004.png,ឲ្យហាន ចង់បានរបៀន កុំលោភកុំខ្វល់ » ។,W0011
data/handwritten_external/W0011/lines_raw/W0011_P001_L005.png,ចូរពន្យល់ដោយលើកឧទាហរណ៍មកបញ្ជាក់ ។,W0011
data/handwritten_external/W0011/lines_raw/W0011_P001_L007.png,សេចក្តីអធិប្បាយ,W0011
data/handwritten_external/W0011/lines_raw/W0011_P001_L008.png,នៅក្នុងសង្គមមួយៗ មនុស្សតែងមានទំនាក់ទំនង,W0011
data/handwritten_external/W0011/lines_raw/W0011_P001_L009.png,គ្នាទៅវិញទៅមក ពិសេសបញ្ហាការងារ ឬការសេពគប់,W0011
data/handwritten_external/W0011/lines_raw/W0011_P001_L010.png,រាប់អាន ។ ជាមួយគ្នានេះ វត្តមាន ចិត្តគំនិតរបស់មនុស្សល្អ,W0011
data/handwritten_external/W0011/lines_raw/W0011_P001_L011.png,ក៏មានលក្ខណៈច្រើនយ៉ាង តែយ៉ាងណាក៏ដោយ ក៏,W0011
data/handwritten_external/W0011/lines_raw/W0011_P001_L012.png,យ៉ាងតម្រូវឲ្យមនុស្សមានប្រាជ្ញាឈ្លាសវៃ នៅពេលផ្សារភ្ជាប់ទំនាក់ទំនង ធ្វើការ ឬរាប់អាននឹង,W0011
data/handwritten_external/W0011/lines_raw/W0011_P001_L013.png,គ្នាដោយការប្រុងប្រយ័ត្នឲ្យបានម៉ត់ចត់ ។ បើមនុស្ស,W0011
data/handwritten_external/W0011/lines_raw/W0011_P001_L014.png,ល្អ គ្មានបញ្ហាអ្វីនោះទេ តែបើប៉ះមនុស្សទៀចវៀច មុខជា,W0011
data/handwritten_external/W0011/lines_raw/W0011_P001_L015.png,ជួបប្រទះ ការខាតបង់មិនខាន ។ ចំណែកចំណេះវិជ្ជាក៏,W0011
data/handwritten_external/W0011/lines_raw/W0011_P001_L016.png,ទាមទារឲ្យមនុស្ស ខិតខំប្រឹងប្រែង បើចង់ចេះ ចង់ដឹងត្រូវ,W0011
data/handwritten_external/W0011/lines_raw/W0011_P001_L017.png,ហ៊ានជម្នះ ឧបសគ្គ មិនត្រូវភ័យខ្លាចនោះទេ ។ អាស្រ័យ,W0011
data/handwritten_external/W0011/lines_raw/W0011_P002_L001.png,ហេតុនេះហើយ ទើបនៅក្នុងច្បាប់ល្បើកថ្មីរបស់ព្រះភិរម្យ,W0011
data/handwritten_external/W0011/lines_raw/W0011_P002_L002.png,ភាសាអ៊ូ ហៅង៉ុយ បានចែងថា “ បម្រើម្ចាស់ពិត ប្រុងក្តី,W0011
data/handwritten_external/W0011/lines_raw/W0011_P002_L003.png,ឲ្យមត់ ស្មារតីឲ្យមាន សៅហ្មងឲ្យបាត់ បើខ្វះឲ្យហាន ចង់,W0011
data/handwritten_external/W0011/lines_raw/W0011_P002_L004.png,បានរបៀន កុំលោភកុំខ្វល់ » ។,W0011
data/handwritten_external/W0011/lines_raw/W0011_P002_L005.png,តើពំនោលក្នុងច្បាប់នេះ មានខ្លឹមសារយ៉ាងដូចម្តេច ?,W0011
data/handwritten_external/W0011/lines_raw/W0011_P002_L006.png,ដើម្បីជាជំនួយដល់ការបកស្រាយពំនោលក្នុងច្បាប់,W0011
data/handwritten_external/W0011/lines_raw/W0011_P002_L007.png,ល្បើកថ្មីខាងលើឲ្យបានក្បោះក្បាយ គប្បីយល់ន័យនៃ,W0011
data/handwritten_external/W0011/lines_raw/W0011_P002_L008.png,ពាក្យ ព្រត មុត ល្ងៅ និងពាក្យរបៀន ជាមុនសិន ។ ពាក្យ ព្រត,W0011
data/handwritten_external/W0011/lines_raw/W0011_P002_L009.png,គឺសំដៅលើ ល្បិចកល ចិត្តគំនិត រវត្ដចរិត ។ មុត គឺ សំដៅ,W0011
data/handwritten_external/W002/lines_raw/W002_P001_L001.png,ប្រធាន៖ សុភាសិតខ្មែរបានចែងថា « ការពារជាជាងព្យាបាល » ។ ចូរបកស្រាយ,W002
data/handwritten_external/W002/lines_raw/W002_P001_L002.png,ដោយលើកឧទាហរណ៍ក្នុងជីវិត មកបញ្ជាក់ ។,W002
data/handwritten_external/W002/lines_raw/W002_P001_L003.png,សេចក្តីអធិប្បាយ,W002
data/handwritten_external/W002/lines_raw/W002_P001_L004.png,នៅលើសកលលោកយើងនេះ គ្រប់អ្វីៗ ទាំងអស់តែងតែមានការប្រែប្រួលជា,W002
data/handwritten_external/W002/lines_raw/W002_P001_L005.png,និច្ច ។ គ្រាន់តែពេលខ្លះ ប្រែប្រួលតិច និងពេលខ្លះ មាន ការប្រែប្រួលខ្លាំងប៉ុណ្ណោះ ។,W002
data/handwritten_external/W002/lines_raw/W002_P001_L006.png,មាន ហេតុ ត្រូវតែ មានផល ។ ដោយសារតែបែបនេះហើយទើបចាស់បុរាណយើង,W002
data/handwritten_external/W002/lines_raw/W002_P001_L007.png,បានចំណាយពេលវេលា របស់ខ្លួនស្ទើរពេញ មួយជីវិតរបស់ខ្លួន ដើម្បីសិក្សាស្វែងយល់,W002
data/handwritten_external/W002/lines_raw/W002_P001_L008.png,នូវអ្វីៗ ដែលកើតមានឡើង ដើម្បីយកមកចងក្រងជាសុភាសិត ចងក្រង ជាពាក្យ-,W002
data/handwritten_external/W002/lines_raw/W002_P001_L009.png,ស្លោក ពាក្យប្រដៅ របស់ផ្សេងៗ ដើម្បីទុកអប់រំទូន្មានដល់កូនចៅជំនាន់ក្រោយ ឱ្យ,W002
data/handwritten_external/W002/lines_raw/W002_P001_L010.png,សិក្សាស្វែងយល់ ។ ដែលពាក្យស្លោក ក៏ដូចជាសុភាសិតទាំងនោះ មានឥទ្ធិពលខ្ពស់,W002
data/handwritten_external/W002/lines_raw/W002_P001_L011.png,សង្គមជាតិផងដែរ ។ ហេតុនេះ ហើយទើបមានសុភាសិតមួយលើកឡើងថា “ ការពា,W002
data/handwritten_external/W002/lines_raw/W002_P001_L012.png,រ ជាជាងព្យាបាល » ។,W002
data/handwritten_external/W002/lines_raw/W002_P001_L013.png,តើសុភាសិត ដែលបានលើកឡើងខាងលើនេះ មាន អត្ថន័យដូចម្តេចខ្លះ ?,W002
data/handwritten_external/W002/lines_raw/W002_P001_L014.png,ដើម្បីជាស្ពានឈានទៅដល់ការបកស្រាយ អត្ថន័យខ្លឹមសារនៃទស្សនៈប្រធាន,W002
data/handwritten_external/W002/lines_raw/W002_P001_L015.png,ឱ្យកាន់តែពិរោះពិសា និងច្បាស់លាស់ថែមទាំងស៊ីជម្រៅ មួយកម្រិតទៀតនោះ យើងគប្បី,W002
data/handwritten_external/W002/lines_raw/W002_P001_L016.png,ត្រូវស្វែងយល់គន្លឹះនៃគំនិតជាមុន ត្រូវសិក្សាអំពីអត្ថន័យនៃពាក្យគន្លឹះ ដែលមានក្នុងអត្ថ-,W002
data/handwritten_external/W002/lines_raw/W002_P001_L017.png,ន័យ ប្រធាន ដែលជាសុភាសិតខាងលើនេះជាមុនសិន ។ ការពារ មានន័យថា ការប្រឆាំង,W002
data/handwritten_external/W002/lines_raw/W002_P001_L018.png,ការទប់ស្កាត់ នូវអ្វីៗដែលមិនទាន់កើតឡើងតែយើងដឹងមុន ។ ចំណែកឯ « ព្យាបាល»,W002
data/handwritten_external/W002/lines_raw/W002_P001_L019.png,សម្ដៅលើ ដំណោះស្រាយ ការស្វែងរកនូវ វិធីសាស្ត្រក្នុងការដោះស្រាយ នូវអ្វីៗដែល,W002
data/handwritten_external/W002/lines_raw/W002_P001_L020.png,បានកើតឡើងរួចហើយ ។ ដូចនេះ សុភាសិតខាងលើនេះ ចង់សម្ដៅលើ ការប្រឆាំង,W002
data/handwritten_external/W002/lines_raw/W002_P001_L021.png,ឬការប្រុងប្រយ័ត្ន ការទប់ស្កាត់មុន គឺជាវិធានការមួយដែលល្អជាង ការជួបហើយ,W002
data/handwritten_external/W002/lines_raw/W002_P001_L022.png,ទើបដោះស្រាយ តាមក្រោយ ឬក៏ទាល់តែមានគ្រោះថ្នាក់ទើបប្រុងប្រយ័ត្ន ។,W002
data/handwritten_external/W002/lines_raw/W002_P001_L023.png,ជាការពិតណាស់ វិធីសាស្ត្រការពារមុន គឺជាជម្រើសដ៏ល្អមួយក្នុងការ-,W002
data/handwritten_external/W002/lines_raw/W002_P001_L024.png,ចៀសផុតពីគ្រោះថ្នាក់ផ្សេងៗ ។ រាល់រឿងរ៉ាវ រាល់បញ្ហា តែងតែកើតមានឡើង។,W002
data/handwritten_external/W002/lines_raw/W002_P001_L025.png,គ្រាន់តែ បញ្ហាទាំងនោះ មាន តូចមានធំ ឬបញ្ហា តិច ឬច្រើន ប៉ុណ្ណោះ ។ ពាក្យថា,W002
data/handwritten_external/W003/lines_raw/W003_P001_L001.png,ប្រធាន: បុរាណលោកពោលថា៖ « ចេះដប់ពុំស្មើនឹងប្រសប់មួយ » ។,W003
data/handwritten_external/W003/lines_raw/W003_P001_L002.png,សេចក្តីអធិប្បាយ,W003
data/handwritten_external/W003/lines_raw/W003_P001_L003.png,បុព្វបុរសខ្មែរបានបន្សល់ទុកនូវសម្បត្តិដ៏មហាសាលដល់កូនចៅគ្រប់ជំនាន់ក្នុង,W003
data/handwritten_external/W003/lines_raw/W003_P001_L004.png,នោះមានទឹកដីដ៏ស្រស់បំព្រង មានប្រាសាទរាប់ពាន់ដែលបានផ្តល់ចំណូលថវិកាយ៉ាងច្រើន,W003
data/handwritten_external/W003/lines_raw/W003_P001_L005.png,ដល់សេដ្ឋកិច្ចជាតិ ។ មិនតែប៉ុណ្ណោះ លោកបានបន្សល់ទុកនូវទស្សនៈអប់រំល្អៗដើម្បី,W003
data/handwritten_external/W003/lines_raw/W003_P001_L006.png,ដាស់តឿនក្រើនរំលឹក មិនឱ្យមានការធ្វេសប្រហែស ឱ្យខំសិក្សារៀនសូត្រដើម្បីមាន,W003
data/handwritten_external/W003/lines_raw/W003_P001_L007.png,ជំនាញមួយច្បាស់លាស់ប្រចាំជីវិត ។ អាស្រ័យហេតុនេះហើយ ទើបមានសុភាសិត,W003
data/handwritten_external/W003/lines_raw/W003_P001_L008.png,មួយពោលថា៖ « ចេះដប់ពុំស្មើនឹងប្រសប់មួយ » ។,W003
data/handwritten_external/W003/lines_raw/W003_P001_L009.png,តើសុភាសិតមួយឃ្លានេះ មានអត្ថន័យខ្លឹមសារយ៉ាងណាខ្លះ ?,W003
data/handwritten_external/W003/lines_raw/W003_P001_L010.png,"មុននឹងបកស្រាយអត្ថន័យនៃសុភាសិតនេះ យើងត្រូវយល់នូវពាក្យថា""ប្រសប់""",W003
data/handwritten_external/W003/lines_raw/W003_P001_L011.png,"ជាមុនសិន។ ពាក្យថា ""ប្រសប់"" គឺជាការចេះធ្វើស្ទាត់ច្បាស់លាស់ចំពោះអ្វីមួយ។",W003
data/handwritten_external/W003/lines_raw/W003_P001_L012.png,ប្រធានខាងលើចង់មានន័យថា អ្នកចេះដប់នាក់ មិនអាចស្មើនឹងបុគ្គលដែលមាននូវ,W003
data/handwritten_external/W003/lines_raw/W003_P001_L013.png,ជំនាញច្បាស់លាស់ម្នាក់ទេ។,W003
data/handwritten_external/W003/lines_raw/W003_P001_L014.png,ជាការពិតណាស់ ការចេះនូវជំនាញមួយឱ្យបានច្បាស់លាស់ មានសារៈសំខាន់ខ្លាំង,W003
data/handwritten_external/W003/lines_raw/W003_P001_L015.png,ណាស់ដើម្បីប្រកបរបរចិញ្ចឹមជីវិតប្រចាំថ្ងៃ។ ការចេះប្រសប់នេះ អាចនាំឱ្យយើង,W003
data/handwritten_external/W003/lines_raw/W003_P001_L016.png,ខំប្រឹងអនុវត្តនូវកិច្ចការរបស់យើងបានស្ទាត់ មិនភ្លាំងភ្លេច គឺត្រូវស្រាវជ្រាវឱ្យបាន,W003
data/handwritten_external/W003/lines_raw/W003_P001_L017.png,វិទ្យាសាស្ត្រ នោះការងាររបស់យើងនឹងទទួលបានជោគជ័យ។ នៅពេលដែលយើង,W003
data/handwritten_external/W003/lines_raw/W003_P001_L018.png,ចំណេះដឹងខ្ពស់ខ្ពស់រួមផ្សំនឹងភាពប៉ុនប្រសប់លើការងារនោះទៀត អ្នកដទៃគេប្រាកដ,W003
data/handwritten_external/W003/lines_raw/W003_P001_L019.png,ជាគោរពនិងឱ្យតម្លៃលើការងាររបស់យើង នោះសង្គមគេទទួលស្គាល់ស្នាដៃយើង,W003
data/handwritten_external/W003/lines_raw/W003_P001_L020.png,និងមានកេរ្តិ៍ឈ្មោះល្បីល្បាញ អ្នកដទៃគេនឹងយកយើងធ្វើជាគំរូថែមទៀតផង។ ប៉ុន្តែ,W003
data/handwritten_external/W003/lines_raw/W003_P001_L021.png,បើយើងចេះនេះបន្តិច ចេះនោះបន្តិច មិនច្បាស់ត្រង់ណា នោះធ្វើអ្វីមិនបាននូវ,W003
data/handwritten_external/W003/lines_raw/W003_P001_L022.png,លទ្ធផលជាទីពេញចិត្ត ហើយច្រើនតែបរាជ័យ ។ ជាក់ស្តែង យើងរៀនដល់ថ្នាក់,W003
data/handwritten_external/W003/lines_raw/W003_P001_L023.png,បណ្ឌិត មានសញ្ញាបត្ររាប់ភ្លេច ពូកែទ្រឹស្តីវេយ្យាករណ៍ គ្មាននរណាអាចប្រៀបធៀបបាន,W003
data/handwritten_external/W003/lines_raw/W003_P001_L024.png,តែដល់ពេលឱ្យអនុវត្តកិច្ចការជាក់ស្តែងធ្វើមិនកើត នោះសញ្ញាបត្រថ្នាក់បណ្ឌិតនិង,W003
data/handwritten_external/W003/lines_raw/W003_P001_L025.png,ពាក្យសម្តីដ៏ពូកែរបស់យើងគ្មានតម្លៃសោះឡើយ។ បើមើលក្នុងសង្គមសព្វថ្ងៃនេះ,W003
data/handwritten_external/W004/lines_raw/W004_P001_L001.png,ប្រធាន: មានអ្នកសិក្សាមួយចំនួនយល់ថា « ស្រីបង្វិលជើងក្រាន,W004
data/handwritten_external/W004/lines_raw/W004_P001_L002.png,មិនជុំទេ»។តើពិតដែរឬទេ?ចូរពិភាក្សាដោយលើកឧទាហរណ៍,W004
data/handwritten_external/W004/lines_raw/W004_P001_L003.png,មកបញ្ជាក់។,W004
data/handwritten_external/W004/lines_raw/W004_P001_L004.png,សេចក្តីអធិប្បាយ,W004
data/handwritten_external/W004/lines_raw/W004_P001_L006.png,ជាមនុស្សពេញលោកទៅដោយបញ្ហាមិនចេះចប់មិន,W004
data/handwritten_external/W004/lines_raw/W004_P001_L007.png,ចេះហើយ។ ទន្ទឹមនឹងនេះ ការប្រកាន់បែងចែកវណ្ណៈខ្ពស់ទាប មានក្រ,W004
data/handwritten_external/W004/lines_raw/W004_P001_L009.png,ចេះតែកើតមានជាបន្តបន្ទាប់ ក្នុងនោះការជិះជាន់កេងប្រវ័ញ្ចមេ,W004
data/handwritten_external/W004/lines_raw/W004_P001_L010.png,លងាយមើលថោក រិះគន់ដេញដោល ពីសំណាក់វណ្ណៈខ្លាំងទៅលើវ,W004
data/handwritten_external/W004/lines_raw/W004_P001_L011.png,ណ្ណៈខ្សោយកំសត់ទុរគត ក៏ចេះតែប្រព្រឹត្តទៅ ហើយប្រែក្លាយទៅជាព្យុ,W004
data/handwritten_external/W004/lines_raw/W004_P001_L012.png,ងធម្មតាទៅហើយ។ អំពើអយុត្តិធម៌ វិសមភាពសង្គមបានបង,W004
data/handwritten_external/W004/lines_raw/W004_P001_L013.png,ង្កោយវណ្ណៈដែលខ្លាំងដែល មានអំណាច និងលទ្ធភាព ក្នុងបំណង បំពេញ,W004
data/handwritten_external/W004/lines_raw/W004_P001_L015.png,បានភោគផលរបស់ខ្លួន។ សូម្បីតែរវាងភេទនិងភេទ ក៏មានការបែង,W004
data/handwritten_external/W004/lines_raw/W004_P001_L017.png,ចែក ប្រមាថមើលងាយគ្នាដែរ។ ដូចនេះហើយទើបនាំឲ្យអ្នកសិក្សា,W004
data/handwritten_external/W004/lines_raw/W004_P001_L018.png,មួយចំនួនយល់ថា « ស្រីបង្វិលជើងក្រានមិនជុំទេ»។,W004
data/handwritten_external/W004/lines_raw/W004_P001_L019.png,តើការយល់ឃើញបែបនេះគេសំអាងទៅលើហេតុផល,W004
data/handwritten_external/W004/lines_raw/W004_P001_L020.png,អ្វីទៅ? ហើយមានលក្ខណៈ ត្រឹមត្រូវដែរឬទេ?,W004
data/handwritten_external/W004/lines_raw/W004_P001_L021.png,ជាបឋម ដើម្បីជាជំនួយដល់ការបកស្រាយនូវប្រយោគ,W004
data/handwritten_external/W004/lines_raw/W004_P001_L022.png,គំនិតប្រធានខាងលើឱ្យស៊ីជម្រៅនិងពិស្ដារ យើងគប្បីយល់នូវពាក្យ,W004
data/handwritten_external/W004/lines_raw/W004_P001_L023.png,“ បង្វិលជើងក្រានមិនជុំ ” ដែលជាចំណុចស្នូលជាមុនស,W004
data/handwritten_external/W004/lines_raw/W004_P001_L024.png,ជើងក្រានមិនជុំនៅពេលនេះ គឺចង់និយាយសំដៅទៅ,W004
data/handwritten_external/W004/lines_raw/W004_P001_L025.png,តើរវល់ត្រឹមតែ ការងារកំប៉ុកកំប៉ុក ជុំវិញបញ្ហាជើង,W004
data/handwritten_external/W004/lines_raw/W004_P002_L001.png,ផ្ទះសម្អាត ប៉ុណ្ណោះ មិនអាចធ្វើការអ្វីធំដុំ ដែលសំខាន់កើតបាន,W004
data/handwritten_external/W004/lines_raw/W004_P002_L002.png,ឡើយ។ ដូចនេះទស្សនៈប្រធានដែលលើកឡើងថា ស្រីបង្វិលជើង,W004
data/handwritten_external/W004/lines_raw/W004_P002_L003.png,ក្រានមិនជុំ មានន័យថា ស្រីៗមិនអាចសម្រេចការងារណាមួយ,W004
data/handwritten_external/W004/lines_raw/W004_P002_L004.png,ដែលមានសារៈសំខាន់បានឡើយ ហើយសមត្ថភាពទៀតសោត,W004
data/handwritten_external/W005/lines_raw/W005_P001_L001.png,រឿងទុំទាវ ជាកម្រងវណ្ណកម្មនៃអក្សរសិល្ប៍ខេមរនិយមដែលមានប្រជាប្រិយភាពមួយ,W005
data/handwritten_external/W005/lines_raw/W005_P001_L002.png,ដែលស្រង់ចេញពីទឹកដៃដ៏ប៉ិនប្រសប់ព្រមទាំងឈ្លាសវៃរបស់កវីនិពន្ធ បុទុមត្ថេរ ងួន សោ,W005
data/handwritten_external/W005/lines_raw/W005_P001_L003.png,ម ជាប្រភេទ ស្មូត នៃអក្សរសិល្ប៍ បុរាណ ដែលលោកតែងនៅឆ្នាំមួយពាន់ប្រាំបួនរយដប់ប្រាំ ។ តែបើ,W005
data/handwritten_external/W005/lines_raw/W005_P001_L004.png,នៅក្នុងស្នាដៃរឿងនេះ កវីនិពន្ធបានផ្សារភ្ជាប់ទៅនិង អត្តសញ្ញាណជាតិ អរិយធម៌ វប្បធម៌ខ្មែរ,W005
data/handwritten_external/W005/lines_raw/W005_P001_L005.png,យ៉ាងប្រត្យក្សដើម្បីឲ្យអ្នកអាន អ្នកស្ដាប់ ពិសេសអ្នកសិក្សាយល់នូវលក្ខណៈ ជាតិខ្មែរ,W005
data/handwritten_external/W005/lines_raw/W005_P001_L006.png,ដែលខុសប្លែកពីជាតិសាសន៍ដទៃទៀត បានស្ដែងចេញតាមរយៈរឿងទុំទាវ ។ ដោយបាន,W005
data/handwritten_external/W005/lines_raw/W005_P001_L008.png,មើលឃើញបញ្ហាបែបនេះហើយ ទើបគ្រូឲ្យយើងបង្ហាញ « លក្ខណៈជាតិខ្មែរតាមរយៈ,W005
data/handwritten_external/W005/lines_raw/W005_P001_L009.png,រឿងទុំទាវ » ។,W005
data/handwritten_external/W005/lines_raw/W005_P001_L010.png,តើរឿងទុំទាវបានបង្ហាញពីលក្ខណៈជាតិខ្មែរយ៉ាងដូចម្ដេច?,W005
data/handwritten_external/W005/lines_raw/W005_P001_L012.png,ដើម្បីបកស្រាយនូវពាក្យគន្លឹះ ដើម្បីស្រាយអត្ថប្រធានខាងលើឲ្យបានក្បោះ,W005
data/handwritten_external/W005/lines_raw/W005_P001_L013.png,ក្បាយ ច្បាស់លាស់ ស៊ីជម្រៅជ្រាលជ្រៅជាងនេះទៅទៀតនោះ យើងគួរគប្បីសិក្សាពាក្យ,W005
data/handwritten_external/W005/lines_raw/W005_P001_L014.png,គន្លឹះជាមុនសិន ។ ពាក្យថា « លក្ខណៈជាតិខ្មែរ » សំដៅលើ លក្ខណៈពិសេសរបស់ជាតិខ្មែរ,W005
data/handwritten_external/W005/lines_raw/W005_P001_L015.png,ដែលលេចធ្លោរខុសពីជាតិសាសន៍ដទៃ ដែលស្ដែងចេញតាមរយៈអក្សរសិល្ប៍ខ្មែរ ។ រីឯ,W005
data/handwritten_external/W005/lines_raw/W005_P001_L016.png,« រឿងទុំទាវ » មានន័យថា តម្រង់វណ្ណកម្មស្នាដៃនិពន្ធរបស់ ភិក្ខុសោម និពន្ធនៅឆ្នាំមួយ,W005
data/handwritten_external/W005/lines_raw/W005_P001_L018.png,ពាន់ប្រាំបួនរយដប់ប្រាំ ។ ដូចនេះ អត្ថន័យប្រធានខាងលើមានន័យថា លក្ខណភាព,W005
data/handwritten_external/W005/lines_raw/W005_P001_L019.png,របស់ជាតិខ្មែរដែលលេចធ្លោរខុសពីជាតិដទៃ ដែលស្ដែងចេញតាមរយៈអក្សរសិល្ប៍ខ្មែ,W005
data/handwritten_external/W005/lines_raw/W005_P001_L020.png,ដែលជាកម្រងវណ្ណកម្មជាស្នាដៃនិពន្ធរបស់ភិក្ខុ សោមនិពន្ធនៅឆ្នាំ មួយពាន់ប្រាំបួនរយដប់,W005
data/handwritten_external/W005/lines_raw/W005_P001_L021.png,ប្រាំ ។,W005
data/handwritten_external/W005/lines_raw/W005_P001_L022.png,ជាការពិតណាស់រឿងទុំទាវ ជារឿងដែលបានបង្ហាញពីលក្ខណៈជាតិខ្មែរ,W005
data/handwritten_external/W005/lines_raw/W005_P001_L023.png,ពិតមែន ពីព្រោះរឿងទុំទាវ បានបង្កប់នូវលក្ខណៈជាតិខ្មែរជាច្រើន រួមមាន ថ្នាក់គំនិត,W005
data/handwritten_external/W005/lines_raw/W005_P001_L024.png,ជំនឿ ប្រពៃណីទំនៀមទម្លាប់ មុខរបរ បញ្ហាសង្គម ជីវភាពរស់នៅ សិល្បៈ ទីតាំងភូ,W005
data/handwritten_external/W005/lines_raw/W005_P001_L025.png,មិសាស្ត្រ របបគ្រប់គ្រងរបស់ខ្មែរនាសម័យលង្វែកទៀតផង ។ ក្នុងនោះដែរ លក្ខណៈជាតិ,W005
data/handwritten_external/W005/lines_raw/W005_P001_L026.png,នៃអក្សរសិល្ប៍ដែលឆ្លុះបញ្ចាំង តាមរយៈរឿងទុំទាវ តាមរយៈ ជំនឿ ពោលគឺ នាសម័យ,W005
data/handwritten_external/W005/lines_raw/W005_P001_L027.png,លង្វែកប្រជាជនខ្មែរ តែងតែជឿលើ ជំនឿផ្សេងៗច្រើនបែបយ៉ាងដែល ផ្ដល់លក្ខណៈ,W005
data/handwritten_external/W005/lines_raw/W005_P001_L028.png,ជាតិរបស់ខ្មែរនាសម័យលង្វែក ។ ម្យ៉ាងទៀតប្រជាជនខ្មែរនាសម័យលង្វែក,W005
data/handwritten_external/W006/lines_raw/W006_P001_L002.png,ប្រធាន: សុភាសិតមួយចែងថា “ សន្សឹមៗ កុំបំបោល,W006
data/handwritten_external/W006/lines_raw/W006_P001_L003.png,ក្រែងមិនដល់ដូចប្រាថ្នា” ។ ចូរពន្យល់,W006
data/handwritten_external/W006/lines_raw/W006_P001_L004.png,ដោយលើកឧទាហរណ៍មកបញ្ជាក់ ។,W006
data/handwritten_external/W006/lines_raw/W006_P001_L005.png,សេចក្តីអធិប្បាយ,W006
data/handwritten_external/W006/lines_raw/W006_P001_L006.png,នៅក្នុងជីវិតរស់នៅប្រចាំថ្ងៃ របស់មនុស្ស,W006
data/handwritten_external/W006/lines_raw/W006_P001_L007.png,មានតម្រូវការ គ្រប់បែបយ៉ាង ទាំងអស់ ។ កត្តានេះ,W006
data/handwritten_external/W006/lines_raw/W006_P001_L008.png,តម្រូវឲ្យមនុស្សប្រកបកិច្ចការផ្សេងៗ ដោយ មិន,W006
data/handwritten_external/W006/lines_raw/W006_P001_L009.png,ខ្លាចការនឿយហត់ ។ ការងារខ្លះ ទាមទារឲ្យមនុស្ស,W006
data/handwritten_external/W006/lines_raw/W006_P001_L010.png,មានការប្រុងប្រយ័ត្ន សន្សឹមៗ មិនអាចបង្ខំ ជាដាច់,W006
data/handwritten_external/W006/lines_raw/W006_P001_L011.png,ខាត ។ ប្រសិនបើបំពេញកិច្ចការនោះ ទាំង បង្ខំ វា,W006
data/handwritten_external/W006/lines_raw/W006_P001_L012.png,មិនត្រឹមតែមិន បាន លទ្ធផល ប៉ុណ្ណោះ ទេ ថែមទាំង,W006
data/handwritten_external/W006/lines_raw/W006_P001_L013.png,ខាតបង់ ពេលវេលា និងទ្រព្យសម្បត្តិ ទៀតផង ។,W006
data/handwritten_external/W006/lines_raw/W006_P001_L014.png,អាស្រ័យហេតុនេះហើយ ទើបមានសុភាសិត,W006
data/handwritten_external/W006/lines_raw/W006_P001_L015.png,មួយបានចែងថា “ សន្សឹមៗ កុំបំបោល ក្រែងមិន,W006
data/handwritten_external/W006/lines_raw/W006_P001_L016.png,ដល់ដូចប្រាថ្នា » ។,W006
data/handwritten_external/W006/lines_raw/W006_P001_L017.png,តើសុភាសិតនេះ បង្កប់តម្លៃអប់រំ យ៉ាង,W006
data/handwritten_external/W006/lines_raw/W006_P001_L018.png,ណា ?,W006
data/handwritten_external/W006/lines_raw/W006_P002_L001.png,ដើម្បីជាជំនួយដល់ការ បកស្រាយ សុភាសិត,W006
data/handwritten_external/W006/lines_raw/W006_P002_L002.png,ខាងលើ ឲ្យបានក្បោះក្បាយ គប្បី យល់ន័យ នៃ,W006
data/handwritten_external/W006/lines_raw/W006_P002_L003.png,ពាក្យ សន្សឹមៗ បំបោល និង ប្រាថ្នា ជាមុនសិន ។ ពាក្យ,W006
data/handwritten_external/W006/lines_raw/W006_P002_L004.png,សន្សឹមៗ គឺសំដៅលើកិរិយា សកម្មភាព យឺតៗមួយៗ.,W006
data/handwritten_external/W006/lines_raw/W006_P002_L005.png,មិនប្រញាប់ ។ បំបោល គឺ និយាយដល់ ភាព រហ័ស,W006
data/handwritten_external/W006/lines_raw/W006_P002_L006.png,ឬលឿន ។ រីឯពាក្យប្រាថ្នាវិញ គឺជា គោលបំណង ។,W006
data/handwritten_external/W006/lines_raw/W006_P002_L007.png,ន័យប្រធាន តាមរយៈ សុភាសិតនេះ បានសេចក្តី ថា,W006
data/handwritten_external/W006/lines_raw/W006_P002_L008.png,ការបរ រទេះ មិនអាច បង្ខំ បានទេ ត្រូវ បរយឺតៗ ទើប,W006
data/handwritten_external/W007/lines_raw/W007_P001_L001.png,ប្រធាន ៖ មានទស្សនៈមួយបានចែងមកថា “ ការសិក្សាអក្សរ,W007
data/handwritten_external/W007/lines_raw/W007_P001_L002.png,សិល្ប៍ គឺជាការសិក្សាពីមនុស្ស ដើម្បីមនុស្ស ។,W007
data/handwritten_external/W007/lines_raw/W007_P001_L004.png,ចូរពន្យល់ ដោយលើកឧទាហរណ៍ក្នុងអក្សរសិល្ប៍មកបញ្ជាក់,W007
data/handwritten_external/W007/lines_raw/W007_P001_L005.png,សេចក្តីអធិប្បាយ,W007
data/handwritten_external/W007/lines_raw/W007_P001_L006.png,អក្សរសិល្ប៍បានដើរតួនាទីយ៉ាងសំខាន់ក្នុងការបញ្ជាក់,W007
data/handwritten_external/W007/lines_raw/W007_P001_L007.png,អំពីការរស់នៅជនជាតិខ្មែរពីមួយជំនាន់ទៅមួយជំនាន់ ពីរបៀប,W007
data/handwritten_external/W007/lines_raw/W007_P001_L008.png,របបនៃការរស់នៅ ទំនៀមទម្លាប់បែបផែន ជាពិសេសទៀត,W007
data/handwritten_external/W007/lines_raw/W007_P001_L009.png,អក្សរសិល្ប៍បានផ្តល់ភាពចេះដឹងដល់អ្នកអានគ្រប់រូប ។ ដោយ,W007
data/handwritten_external/W007/lines_raw/W007_P001_L010.png,ហេតុនេះ ទើបមានទស្សនៈមួយចែងថា “ អក្សរសិល្ប៍ គឺ,W007
data/handwritten_external/W007/lines_raw/W007_P001_L011.png,ការសិក្សាពីមនុស្ស ដើម្បីមនុស្ស” ។,W007
data/handwritten_external/W007/lines_raw/W007_P001_L012.png,តើការសិក្សាអក្សរសិល្ប៍ គឺជាការសិក្សាពីមនុស្ស,W007
data/handwritten_external/W007/lines_raw/W007_P001_L013.png,ទៅមនុស្ស មានអត្ថន័យដូចម្តេច?,W007
data/handwritten_external/W007/lines_raw/W007_P001_L014.png,ដើម្បីបានចក្ខុវិស័យក្នុងការបក ស្រាយនូវប្រធានខាង,W007
data/handwritten_external/W007/lines_raw/W007_P001_L015.png,លើឱ្យកាន់តែស៊ីជម្រៅ យើងគប្បីយល់ពាក្យគន្លឹះមួយចំនួនជា,W007
data/handwritten_external/W007/lines_raw/W007_P001_L016.png,មុនសិន ។ « អក្សរ » គឺជាស្នាមគំនូស ។ «សិល្ប៍» គឺជា ការ,W007
data/handwritten_external/W007/lines_raw/W007_P001_L017.png,ចេះដឹងបែបបទ ក្បួន សិល្ប៍វិជ្ជា » ។ “ មនុស្ស ” ជនអ្នកដឹង,W007
data/handwritten_external/W007/lines_raw/W007_P001_L018.png,ខុសត្រូវ បុណ្យ បាប ។ ដូចនេះគំនិតប្រធានខាងលើចង់មាន,W007
data/handwritten_external/W007/lines_raw/W007_P001_L020.png,ន័យយ៉ាងនេះថា រឯការសិក្សាអក្សរសិល្ប៍ គឺជាការដឹង នូវហេតុ,W007
data/handwritten_external/W007/lines_raw/W007_P001_L021.png,ការណ៍ រំអំពី សម័យកាលនៃការរស់នៅខ្មែរយើងពីមួយជំនាន់,W007
data/handwritten_external/W007/lines_raw/W007_P002_L001.png,ទៅមួយជំនាន់ ពិសេសបំផុតអាចយល់ពីបញ្ហាផ្សេងៗទៅ,W007
data/handwritten_external/W007/lines_raw/W007_P002_L002.png,ទិដ្ឋភាពនៃការរស់នៅរបស់មនុស្សពីអតីតកាលរហូតមក ។,W007
data/handwritten_external/W007/lines_raw/W007_P002_L003.png,ជាការពិតណាស់ បើយើងសិក្សាមើលក្នុង ក្នុងរឿងអក្សរ,W007
data/handwritten_external/W007/lines_raw/W007_P002_L004.png,សិល្ប៍ តែងបង្ហាញអំពីកម្មភាពរបស់តួអង្គក្នុងរឿងនីមួយៗ,W007
data/handwritten_external/W007/lines_raw/W007_P002_L005.png,និងសាច់រឿងបញ្ជាក់ពីសម័យកាលក្នុងរស់នៅរបស់មនុស្ស,W007
data/handwritten_external/W007/lines_raw/W007_P002_L006.png,ហើយផ្សារភ្ជាប់ទៅប្រវត្តិសាស្ត្រ របស់ជាតិ ។ ជាក់ស្តែងដូច,W007
data/handwritten_external/W008/lines_raw/W008_P001_L001.png,= ប្រធាន ៖ ទស្សនៈមួយលើកឡើងថា “ វប្បធម៌សន្តិភាពកើតឡើងតាម,W008
data/handwritten_external/W008/lines_raw/W008_P001_L002.png,រយៈពុទ្ធសាសនា » ។ ចូរបកស្រាយឲ្យបានច្បោះច្បាយ ។,W008
data/handwritten_external/W008/lines_raw/W008_P001_L003.png,សេចក្តីអធិប្បាយ,W008
data/handwritten_external/W008/lines_raw/W008_P001_L004.png,ព្រះពុទ្ធសាសនា គឺជាសាសនាដ៏ធំមួយក្នុងចំណោមសាសនាធំៗ ដទៃទៀត,W008
data/handwritten_external/W008/lines_raw/W008_P001_L006.png,កាន់ពុទ្ធសាសនាខ្មែរតាំងពីសម័យបុរាណ ហើយសាសនានេះក៏ជាមាគ៌ាមួយ,W008
data/handwritten_external/W008/lines_raw/W008_P001_L007.png,នាំមនុស្សឆ្ពោះទៅរកសន្តិភាព ឬប្រពៃណីដែលធ្វើឲ្យគ្មានចលាចលសង្គម ។,W008
data/handwritten_external/W008/lines_raw/W008_P001_L008.png,ដោយហេតុនេះ ទើបមានទស្សនៈមួយលើកឡើងថា “ វប្បធម៌សន្តិភាពកើត,W008
data/handwritten_external/W008/lines_raw/W008_P001_L009.png,ឡើងតាមរយៈពុទ្ធសាសនា ” ។,W008
data/handwritten_external/W008/lines_raw/W008_P001_L010.png,តើទស្សនៈខាងលើនេះ មានខ្លឹមសារបែបណាខ្លះ ?,W008
data/handwritten_external/W008/lines_raw/W008_P001_L011.png,ដើម្បីបកស្រាយទស្សនៈខាងលើនេះ ឲ្យបានច្បោះច្បាយហើយស៊ីជម្រៅ,W008
data/handwritten_external/W008/lines_raw/W008_P001_L012.png,ទៀតនោះ ជាបឋមយើងគួរយល់ឃ្លាថា “ វប្បធម៌សន្តិភាព ” និង “ពុទ្ធសាស-,W008
data/handwritten_external/W008/lines_raw/W008_P001_L013.png,នា ” ជាមុនសិន ។ “ វប្បធម៌សន្តិភាព ” ជាការសាបព្រោះ នូវភាពសុខសាន្តត្រាណ ។,W008
data/handwritten_external/W008/lines_raw/W008_P001_L014.png,តែទីនេះ សំដៅលើសកម្មភាពឆ្ពោះទៅរកសន្តិភាព ឬប្រពៃណី ធ្វើឲ្យគ្មានចលាចល,W008
data/handwritten_external/W008/lines_raw/W008_P001_L015.png,សង្គម ។ ដោយឡែក “ ពុទ្ធសាសនា ” គឺជាសាសនាកំពូលដែលបង្កើតឡើង,W008
data/handwritten_external/W008/lines_raw/W008_P001_L016.png,ដោយព្រះពុទ្ធសមណគោត្តម ។ ដូចនេះ អត្ថន័យរបស់ប្រធានបង្ហាញឲ្យឃើញ,W008
data/handwritten_external/W008/lines_raw/W008_P001_L017.png,ថា សាសនាកំពូលដែលបង្កើតឡើងដោយ សមណគោត្តម គឺជាសាសនាមួយ,W008
data/handwritten_external/W008/lines_raw/W008_P001_L018.png,ដែលបង្កើតនូវមាគ៌ាឆ្ពោះទៅរកសន្តិភាព ឬប្រពៃណីធ្វើឲ្យគ្មានចលាចលសង្គម ។,W008
data/handwritten_external/W008/lines_raw/W008_P001_L019.png,ជាការពិតណាស់ ផ្អែកលើការលើកឡើងខាងលើនេះ យើងអាចដឹងបាន,W008
data/handwritten_external/W008/lines_raw/W008_P001_L020.png,ថា បើកាលណានិយាយពីព្រះពុទ្ធសាសនា ឃើញថាសាសនានេះត្រូវបានបង្កើ-,W008
data/handwritten_external/W008/lines_raw/W008_P001_L021.png,តឡើងដោយស្ថាបនិកដ៏ឆ្នើមមួយរូប គឺព្រះសមណគោត្តម ដែលមានតាំងពី,W008
data/handwritten_external/W008/lines_raw/W008_P001_L023.png,ខ្លាំងនៅរវាងសតវត្សរ៍ទី ៣ក្នុងរជ្ជកាលព្រះបាទអសោក ដែលត្រូវបានផ្សព្វផ្សាយពាស,W008
data/handwritten_external/W008/lines_raw/W008_P001_L024.png,ពេញទឹកដីសុវណ្ណភូមិនៅរវាងសតវត្សរ៍ទីពីរ នៃគ្រឹស្តសករាជ ។ សាសនានេះទំ-,W008
data/handwritten_external/W008/lines_raw/W008_P002_L001.png,នងហូរចូលមកក្នុងទឹកដីសុវណ្ណភូមិដោយព្រះបាទស្រីមារៈ ដែលយើងអាចដឹង,W008
data/handwritten_external/W008/lines_raw/W008_P002_L002.png,បានតាមរយៈសិលាចារឹកវ៉ូកាញ់ ខេត្តញ៉ាត្រាង ដែនដីកម្ពុជាក្រោម ។ មួយវិញ,W008
data/handwritten_external/W008/lines_raw/W008_P002_L003.png,ទៀតបើផ្អែកតាមទ្រឹស្តីព្រះពុទ្ធសាសនា យើងឃើញថា ព្រះពុទ្ធបានបង្រៀនឲ្យបុ-,W008
data/handwritten_external/W009/lines_raw/W009_P001_L001.png,ប្រធាន: ទស្សនៈមួយបានយល់ថា ៖ “ អ្នកសាងអំពើអកុសលរមែង,W009
data/handwritten_external/W009/lines_raw/W009_P001_L002.png,តែងតែជួបក្តីអន្តរាយក្នុងជីវិត » ចូរពន្យល់ដោយរកឧទា,W009
data/handwritten_external/W009/lines_raw/W009_P001_L003.png,ហរណ៍ បញ្ជាក់ ផង ។,W009
data/handwritten_external/W009/lines_raw/W009_P001_L004.png,សេចក្តីអធិប្បាយ,W009
data/handwritten_external/W009/lines_raw/W009_P001_L005.png,ជីវិតគឺជាការរស់នៅប្រចាំថ្ងៃ ទាំងបុរសស្រីសុទ្ធតែប្រាថ្នាសេចក្តីសុខ,W009
data/handwritten_external/W009/lines_raw/W009_P001_L006.png,មិនចង់បានទុក្ខឲ្យបុគ្គលណាមកធ្វើនូវភ័យអន្តរាយមកលើខ្លួនឡើយ ទើប,W009
data/handwritten_external/W009/lines_raw/W009_P001_L008.png,ក្សាន្ត ក្នុងអំពើល្អរបស់ខ្លួន ។ រក្សាសីល ៥ ហេតុនេះ ទើបទស្សនៈមួយបានលើក,W009
data/handwritten_external/W009/lines_raw/W009_P001_L009.png,ឡើងថា “ អ្នកសាងអំពើអកុសល រមែងតែងតែជួបក្តីអន្តរាយក្នុងជីវិត ។,W009
data/handwritten_external/W009/lines_raw/W009_P001_L010.png,តើទស្សនៈខាងលើនេះមានអត្ថន័យ យ៉ាងណា?,W009
data/handwritten_external/W009/lines_raw/W009_P001_L011.png,ដើម្បីបានជាចក្ខុវិស័យយល់នូវអត្ថន័យនៃទស្សនៈខាងលើឱ្យបានកាន់តែ,W009
data/handwritten_external/W009/lines_raw/W009_P001_L012.png,ជាក់ច្បាស់ យើងគប្បីយល់នូវពាក្យគន្លឹះជាមុនសិន ។ ពាក្យអន្តរាយ គឺជា,W009
data/handwritten_external/W009/lines_raw/W009_P001_L013.png,សេចក្តីវិនាស ។ ពាក្យថា ទង្វើ គឺជាការប្រព្រឹត្ត ។ ពាក្យថា អកុសល គឺ,W009
data/handwritten_external/W009/lines_raw/W009_P001_L014.png,ជា អំពើ បាប ឬ អំពើ អាក្រក់ ទាំងពួង ។ អត្ថន័យខាងលើចង់បង្ហាញពី,W009
data/handwritten_external/W009/lines_raw/W009_P001_L015.png,ការធ្វើអំពើអាក្រក់ទាំងឡាយ រមែងដល់នូវសេចក្តីវិនាស អន្តរាយ ។,W009
data/handwritten_external/W009/lines_raw/W009_P001_L016.png,ជាការពិតណាស់ មនុស្សយើងម្នាក់ៗ សុទ្ធតែមានសេចក្តីភ័យខ្លាចដូច,W009
data/handwritten_external/W009/lines_raw/W009_P001_L017.png,គ្នាទាំងអស់ ភ័យនៃអន្តរាយនោះគឺ ភ័យព្រោះសេចក្តីស្លាប់ មនុស្សណាក៏,W009
data/handwritten_external/W009/lines_raw/W009_P001_L018.png,ខ្លាចស្លាប់ដែរ ប្រសិនបើមនុស្សតែងញ៉ាំងអន្តរាយដល់អ្នកដទៃ,W009
data/handwritten_external/W009/lines_raw/W009_P001_L019.png,ដោយទៅសម្លាប់គេ នោះអំពើអាក្រក់របស់គេ នឹងផ្តល់ផលអាក្រក់មក,W009
data/handwritten_external/W009/lines_raw/W009_P001_L020.png,វិញ គឺត្រូវជាប់ពន្ធនាគារអស់កាលយូរឆ្នាំ ឬ មួយជីវិត ត្រូវបែកបាក់គ្រួសារ,W009
data/handwritten_external/W009/lines_raw/W009_P001_L021.png,មនុស្សជាទីស្រលាញ់ ។ ភ័យព្រោះបាត់ទ្រព្យសម្បត្តិ ការលួចឆក់ ប្លន់,W009
data/handwritten_external/W009/lines_raw/W009_P001_L022.png,អ្នកដទៃ រមែងជួបក្តីភ័យខ្លាច ពីការតាមចាប់ខ្លួនពីសមត្ថកិច្ច ចោរលួចចោរ,W009
data/handwritten_external/W009/lines_raw/W009_P001_L023.png,ប្លន់បើនៅពេលមិនទាន់ចាប់បាន ថ្ងៃមួយគេតាមទាន់ នឹងត្រូវទោសធ្ងន់,W009
data/handwritten_external/W009/lines_raw/W009_P001_L024.png,អាប់ឱនកិត្តិយស បាត់បង់តម្លៃ ត្រូវសង្គមស្អប់ខ្ពើម ។ ការក្បត់ក្បោះប្តី,W009
data/handwritten_external/W009/lines_raw/W009_P001_L025.png,ប្រពន្ធ កូនរបស់អ្នកដទៃ ដោយប្រព្រឹត្តខុសក្នុងកាម ការចាប់បង្ខំ រំលោភ,W009
data/handwritten_external/W009/lines_raw/W009_P001_L026.png,បំពាន រមែងដេកភ័យ កើតទុក្ខ មិនបានសុខឡើយ ប្រសិនបើគេចាប់,W009
