crop_id,image_path,source_page,writer_id,x_min,y_min,x_max,y_max,label_raw,label_normalized,label_confidence,segmentation_confidence,review_required,review_status,notes,reviewer_notes
W001_P001_L001,lines_raw/W001_P001_L001.png,page_001.png,W001,333,356,681,389,,,0.0,0.95,True,rejected,Line crop; human transcription required; inspect possible header or source-overlay contamination,"AI pre-review: exact character-level transcription is unsafe at the available 29–33 px crop height; uncertain at the entire short heading, especially the leftmost cluster. label_raw intentionally left blank; human transcription required."
W001_P001_L002,lines_raw/W001_P001_L002.png,page_001.png,W001,142,385,688,415,នៅលើសកលលោកយើងនេះ គ្រប់បណ្តាមនុស្ស ជាច្រើនរមែង   ,,0.0,0.95,True,verified,Line crop; human transcription required,AI pre-review: exact character-level transcription is unsafe at the available 29–33 px crop height; uncertain at the middle cluster and the final word at the right edge. label_raw intentionally left blank; human transcription required.
W001_P001_L003,lines_raw/W001_P001_L003.png,page_001.png,W001,81,411,688,440,តែងតែប្រាថ្នាចង់បាននូវសុខសន្តិភាព សុភមង្គលគ្រប់ៗគ្នា,,0.0,0.95,True,verified,Line crop; human transcription required,"AI pre-review: exact character-level transcription is unsafe at the available 29–33 px crop height; uncertain at the first word, several center subscripts, and the rightmost punctuation. label_raw intentionally left blank; human transcription required."
W001_P001_L004,lines_raw/W001_P001_L004.png,page_001.png,W001,81,436,688,466,នៅដោយមានការចេះអធ្យាស្រ័យគ្នា ទៅវិញទៅមក...... រស់នៅដោយមាន,,1.0,0.95,False,verified,Line crop; human transcription required,Verified: exact character-level Unicode transcription confirmed.
W001_P001_L005,lines_raw/W001_P001_L005.png,page_001.png,W001,81,462,688,491,ភាពសមរម្យស្របប្រកប...... ប្រកាន់យកភាពជាបងប្អូន រៀងៗ ខ្លួន...... គឺ ជា បំណង,,1.0,0.95,False,verified,Line crop; human transcription required,Verified: exact character-level Unicode transcription confirmed.
W001_P001_L006,lines_raw/W001_P001_L006.png,page_001.png,W001,81,487,686,517,របស់ប្រជាជន ទាំងមូល ដើម្បីរស់នៅបានសុខសាន្ត ។... ដោយហេតុថាគ្រប់,,1.0,0.95,False,verified,Line crop; human transcription required,Verified: exact character-level Unicode transcription confirmed.
W001_P001_L007,lines_raw/W001_P001_L007.png,page_001.png,W001,81,513,688,543,មនុស្សទាំងអស់ គឺរស់នៅ មាន លក្ខណៈជាកុសលលក្ខណ៍...... ជាក្រុមៗដើម្បី ប្រា,,1.0,0.95,False,verified,Line crop; human transcription required,Verified: exact character-level Unicode transcription confirmed.
W001_P001_L008,lines_raw/W001_P001_L008.png,page_001.png,W001,81,539,688,569,ស្រ័យទាក់ទងគ្នា ទៅវិញទៅមក...... ។...... ឯព្រះពុទ្ធសាសនាក៏មាន នាទី យ៉ាងសំខាន់ ដើរ,,1.0,0.95,False,verified,Line crop; human transcription required,Verified: exact character-level Unicode transcription confirmed.
W001_P001_L009,lines_raw/W001_P001_L009.png,page_001.png,W001,81,565,688,594,ខាងផ្នែក សម្រាប់ប្រជាជន... ក៏ដូច ជាពុទ្ធបរិស័ទ... ដែលជាពុទ្ធសាសនិកដែរ...,,1.0,0.95,False,verified,Line crop; human transcription required,Verified: exact character-level Unicode transcription confirmed.
W001_P001_L010,lines_raw/W001_P001_L010.png,page_001.png,W001,94,590,688,619,ពុទ្ធសាសនា បានដើរតួយ៉ាង សំខាន់... ក្នុងការអប់រំផ្លូវកាយ និងផ្លូវ ចិត្តរបស់,,1.0,0.95,False,verified,Line crop; human transcription required,Verified: exact character-level Unicode transcription confirmed.
W001_P001_L011,lines_raw/W001_P001_L011.png,page_001.png,W001,119,615,688,645,ណាស់ដែល ប្រតិបត្តិ តាមគន្លង ធម៌ របស់ព្រះពុទ្ធ ដែរ ។... ហេតុនេះ,,1.0,0.95,False,verified,Line crop; human transcription required,Verified: exact character-level Unicode transcription confirmed.
W001_P001_L012,lines_raw/W001_P001_L012.png,page_001.png,W001,81,641,688,671,ហើយទើបបានជាទស្សនៈ មួយបានលើកឡើងថា “ ទ្រព្យសម្បត្តិ ដ៏ល្អ...,,1.0,0.95,False,verified,Line crop; human transcription required,Verified: exact character-level Unicode transcription confirmed.
W001_P001_L013,lines_raw/W001_P001_L013.png,page_001.png,W001,81,667,455,696,សាសនា... បានធ្វើឱ្យមានវិទ្យាសាស្ត្រ សន្តិភាព... » ។,,1.0,0.95,False,verified,Line crop; human transcription required,Verified: exact character-level Unicode transcription confirmed.
W001_P001_L014,lines_raw/W001_P001_L014.png,page_001.png,W001,157,692,678,722,តើ ទស្សនៈ ខាងលើនេះ មាន អត្ថន័យ និងខ្លឹមសារដូចម្តេចខ្លះ... ?,,1.0,0.95,False,verified,Line crop; human transcription required,Verified: exact character-level Unicode transcription confirmed.
W001_P001_L015,lines_raw/W001_P001_L015.png,page_001.png,W001,143,718,688,747,ដើម្បីជាស្ពានឈាន ទៅដល់ ការបកស្រាយ ន័យនៃទស្សនៈ... ប្រធាន,,1.0,0.95,False,verified,Line crop; human transcription required,Verified: exact character-level Unicode transcription confirmed.
W001_P001_L016,lines_raw/W001_P001_L016.png,page_001.png,W001,81,743,688,772,ខាងលើឱ្យ បាន... ក្បោះក្បាយ... ស៊ីជម្រៅ... មានន័យទូលំទូលាយស្តាប់បាន,,1.0,0.95,False,verified,Line crop; human transcription required,Verified: exact character-level Unicode transcription confirmed.
W001_P001_L017,lines_raw/W001_P001_L017.png,page_001.png,W001,81,768,688,798,ទៅទទួលយកប្រធានបទនោះ យើង... គប្បី ត្រូវស្វែងយល់ នូវអត្ថន័យនៃពាក្យ,,1.0,0.95,False,verified,Line crop; human transcription required,Verified: exact character-level Unicode transcription confirmed.
W001_P001_L018,lines_raw/W001_P001_L018.png,page_001.png,W001,81,794,688,823,គន្លឹះ មួយចំនួន សិន ។... « ព្រះពុទ្ធសាសនា » មានន័យថា... ជាសាសនា,,1.0,0.95,False,verified,Line crop; human transcription required,Verified: exact character-level Unicode transcription confirmed.
W001_P001_L019,lines_raw/W001_P001_L019.png,page_001.png,W001,81,819,688,847,ដ៏ខ្ពង់ខ្ពស់ដែលធ្វើឱ្យ ពុទ្ធសាសនិក ទាំងអស់ មានជំនឿសប់... និង ជឿសាសនា,,1.0,0.95,False,verified,Line crop; human transcription required,Verified: exact character-level Unicode transcription confirmed.
W001_P001_L020,lines_raw/W001_P001_L020.png,page_001.png,W001,81,843,688,873,ដែលបង្កើត ឡើងដោយព្រះបរមគ្រូ នៃយើង ។... ឯពាក្យ « វិទ្យាសាស្ត្រ » គឺ,,1.0,0.95,False,verified,Line crop; human transcription required,Verified: exact character-level Unicode transcription confirmed.
W001_P001_L021,lines_raw/W001_P001_L021.png,page_001.png,W001,81,869,688,898,ជាការសាបព្រោះ នូវ ចំណេះដឹង ។... ចំណែក « សន្តិភាព » ជាភាពស្ងប់,,1.0,0.95,False,verified,Line crop; human transcription required,Verified: exact character-level Unicode transcription confirmed.
W001_P001_L022,lines_raw/W001_P001_L022.png,page_001.png,W001,81,894,688,923,ដែល មានលក្ខណៈ ស្ងប់ស្ងាត់... សុខសាន្ត... ភាពគ្មានសង្គ្រាម... ដូចនេះ,,1.0,0.95,False,verified,Line crop; human transcription required,Verified: exact character-level Unicode transcription confirmed.
W001_P001_L023,lines_raw/W001_P001_L023.png,page_001.png,W001,81,919,688,949,ទស្សនៈ ប្រធាន ខាងលើដែល... លើកឡើងថា... ទ្រព្យ... សម្បត្តិ ព្រះពុទ្ធ,,1.0,0.95,False,verified,Line crop; human transcription required,Verified: exact character-level Unicode transcription confirmed.
W001_P001_L024,lines_raw/W001_P001_L024.png,page_001.png,W001,81,945,688,974,សាសនា ដែល កើតមកដោយ ព្រះបរមគ្រូននៃយើង នេះ... បានធ្វើឱ្យមាន,,1.0,0.95,False,verified,Line crop; human transcription required,Verified: exact character-level Unicode transcription confirmed.
W001_P001_L025,lines_raw/W001_P001_L025.png,page_001.png,W001,81,970,663,1002,ការសាបព្រោះ... នូវចំណេះដឹង ផ្សេងៗ ដែលជាហេតុនាំឱ្យ មាន,,1.0,0.95,False,verified,Line crop; human transcription required,Verified: exact character-level Unicode transcription confirmed.
W001_P002_L001,lines_raw/W001_P002_L001.png,page_002.png,W001,87,229,652,266,សុខសន្តិភាព... ពេលនោះ គឺជា ភាពសុខសាន្ត... ។,,1.0,0.95,False,verified,Line crop; human transcription required; inspect possible header or source-overlay contamination,Verified: exact character-level Unicode transcription confirmed.
W001_P002_L002,lines_raw/W001_P002_L002.png,page_002.png,W001,155,262,688,292,ជាការពិតណាស់... ព្រះពុទ្ធសាសនា ដើរតួយ៉ាងសំខាន់ ណាស់ចំពោះ...,,1.0,0.95,False,verified,Line crop; human transcription required,Verified: exact character-level Unicode transcription confirmed.
W001_P002_L003,lines_raw/W001_P002_L003.png,page_002.png,W001,84,288,688,317,សង្គមខ្មែរ... ដែលជា នាវានាំឆ្ពោះ... ទៅរកភាពសុខសាន្ត... ។ បើយើងងាក ត្រឡប់,,1.0,0.95,False,verified,Line crop; human transcription required,Verified: exact character-level Unicode transcription confirmed.
W001_P002_L004,lines_raw/W001_P002_L004.png,page_002.png,W001,84,313,688,342,,,0.0,0.95,True,pending,Line crop; human transcription required,
W001_P002_L005,lines_raw/W001_P002_L005.png,page_002.png,W001,84,338,688,368,,,0.0,0.95,True,pending,Line crop; human transcription required,
W001_P002_L006,lines_raw/W001_P002_L006.png,page_002.png,W001,85,364,688,393,,,0.0,0.95,True,pending,Line crop; human transcription required,
W001_P002_L007,lines_raw/W001_P002_L007.png,page_002.png,W001,85,389,688,419,,,0.0,0.95,True,pending,Line crop; human transcription required,
W001_P002_L008,lines_raw/W001_P002_L008.png,page_002.png,W001,83,415,688,444,,,0.0,0.95,True,pending,Line crop; human transcription required,
W001_P002_L009,lines_raw/W001_P002_L009.png,page_002.png,W001,81,440,688,470,,,0.0,0.95,True,pending,Line crop; human transcription required,
W001_P002_L010,lines_raw/W001_P002_L010.png,page_002.png,W001,83,466,688,495,,,0.0,0.95,True,pending,Line crop; human transcription required,
W001_P002_L011,lines_raw/W001_P002_L011.png,page_002.png,W001,83,491,688,520,,,0.0,0.95,True,pending,Line crop; human transcription required,
W001_P002_L012,lines_raw/W001_P002_L012.png,page_002.png,W001,82,516,688,546,,,0.0,0.95,True,pending,Line crop; human transcription required,
W001_P002_L013,lines_raw/W001_P002_L013.png,page_002.png,W001,81,542,688,571,,,0.0,0.95,True,pending,Line crop; human transcription required,
W001_P002_L014,lines_raw/W001_P002_L014.png,page_002.png,W001,84,567,688,596,,,0.0,0.95,True,pending,Line crop; human transcription required,
W001_P002_L015,lines_raw/W001_P002_L015.png,page_002.png,W001,83,592,688,621,,,0.0,0.95,True,pending,Line crop; human transcription required,
W001_P002_L016,lines_raw/W001_P002_L016.png,page_002.png,W001,83,617,688,646,,,0.0,0.95,True,pending,Line crop; human transcription required,
W001_P002_L017,lines_raw/W001_P002_L017.png,page_002.png,W001,82,642,688,672,,,0.0,0.95,True,pending,Line crop; human transcription required,
W001_P002_L018,lines_raw/W001_P002_L018.png,page_002.png,W001,81,668,688,697,,,0.0,0.95,True,pending,Line crop; human transcription required,
W001_P002_L019,lines_raw/W001_P002_L019.png,page_002.png,W001,81,693,688,721,,,0.0,0.95,True,pending,Line crop; human transcription required,
W001_P002_L020,lines_raw/W001_P002_L020.png,page_002.png,W001,127,717,688,747,,,0.0,0.95,True,pending,Line crop; human transcription required,
W001_P002_L021,lines_raw/W001_P002_L021.png,page_002.png,W001,81,743,688,772,,,0.0,0.95,True,pending,Line crop; human transcription required,
W001_P002_L022,lines_raw/W001_P002_L022.png,page_002.png,W001,81,768,688,796,,,0.0,0.95,True,pending,Line crop; human transcription required,
W001_P002_L023,lines_raw/W001_P002_L023.png,page_002.png,W001,134,792,688,821,,,0.0,0.95,True,pending,Line crop; human transcription required,
W001_P002_L024,lines_raw/W001_P002_L024.png,page_002.png,W001,81,817,688,846,,,0.0,0.95,True,pending,Line crop; human transcription required,
W001_P002_L025,lines_raw/W001_P002_L025.png,page_002.png,W001,105,842,688,871,,,0.0,0.95,True,pending,Line crop; human transcription required,
W001_P002_L026,lines_raw/W001_P002_L026.png,page_002.png,W001,81,867,688,896,,,0.0,0.95,True,pending,Line crop; human transcription required,
W001_P002_L027,lines_raw/W001_P002_L027.png,page_002.png,W001,81,892,688,921,,,0.0,0.95,True,pending,Line crop; human transcription required,
W001_P002_L028,lines_raw/W001_P002_L028.png,page_002.png,W001,107,917,668,945,,,0.0,0.95,True,pending,Line crop; human transcription required,
W001_P002_L029,lines_raw/W001_P002_L029.png,page_002.png,W001,81,941,688,971,,,0.0,0.95,True,pending,Line crop; human transcription required,
W001_P002_L030,lines_raw/W001_P002_L030.png,page_002.png,W001,81,967,688,1009,,,0.0,0.95,True,pending,Line crop; human transcription required,
W001_P003_L001,lines_raw/W001_P003_L001.png,page_003.png,W001,81,237,688,270,,,0.0,0.95,True,pending,Line crop; human transcription required,
W001_P003_L002,lines_raw/W001_P003_L002.png,page_003.png,W001,100,266,677,295,,,0.0,0.95,True,pending,Line crop; human transcription required,
W001_P003_L003,lines_raw/W001_P003_L003.png,page_003.png,W001,124,291,688,320,,,0.0,0.95,True,pending,Line crop; human transcription required,
W001_P003_L004,lines_raw/W001_P003_L004.png,page_003.png,W001,81,316,688,347,,,0.0,0.95,True,pending,Line crop; human transcription required,
W001_P003_L005,lines_raw/W001_P003_L005.png,page_003.png,W001,81,343,688,372,,,0.0,0.95,True,pending,Line crop; human transcription required,
W001_P003_L006,lines_raw/W001_P003_L006.png,page_003.png,W001,81,368,688,397,,,0.0,0.95,True,pending,Line crop; human transcription required,
W001_P003_L007,lines_raw/W001_P003_L007.png,page_003.png,W001,81,393,688,423,,,0.0,0.95,True,pending,Line crop; human transcription required,
W001_P003_L008,lines_raw/W001_P003_L008.png,page_003.png,W001,81,419,688,449,,,0.0,0.95,True,pending,Line crop; human transcription required,
W001_P003_L009,lines_raw/W001_P003_L009.png,page_003.png,W001,81,445,688,474,,,0.0,0.95,True,pending,Line crop; human transcription required,
W001_P003_L010,lines_raw/W001_P003_L010.png,page_003.png,W001,81,470,688,500,,,0.0,0.95,True,pending,Line crop; human transcription required,
W001_P003_L011,lines_raw/W001_P003_L011.png,page_003.png,W001,81,496,688,525,,,0.0,0.95,True,pending,Line crop; human transcription required,
W001_P003_L012,lines_raw/W001_P003_L012.png,page_003.png,W001,81,521,688,551,,,0.0,0.95,True,pending,Line crop; human transcription required,
W001_P003_L013,lines_raw/W001_P003_L013.png,page_003.png,W001,81,547,688,577,,,0.0,0.95,True,pending,Line crop; human transcription required,
W001_P003_L014,lines_raw/W001_P003_L014.png,page_003.png,W001,81,573,688,602,,,0.0,0.95,True,pending,Line crop; human transcription required,
W001_P003_L015,lines_raw/W001_P003_L015.png,page_003.png,W001,81,598,688,628,,,0.0,0.95,True,pending,Line crop; human transcription required,
W001_P003_L016,lines_raw/W001_P003_L016.png,page_003.png,W001,81,624,688,653,,,0.0,0.95,True,pending,Line crop; human transcription required,
W001_P003_L017,lines_raw/W001_P003_L017.png,page_003.png,W001,81,649,688,679,,,0.0,0.95,True,pending,Line crop; human transcription required,
W001_P003_L018,lines_raw/W001_P003_L018.png,page_003.png,W001,81,675,669,704,,,0.0,0.95,True,pending,Line crop; human transcription required,
W001_P003_L019,lines_raw/W001_P003_L019.png,page_003.png,W001,81,700,688,729,,,0.0,0.95,True,pending,Line crop; human transcription required,
W001_P003_L020,lines_raw/W001_P003_L020.png,page_003.png,W001,81,725,688,753,,,0.0,0.95,True,pending,Line crop; human transcription required,
W001_P003_L021,lines_raw/W001_P003_L021.png,page_003.png,W001,81,749,681,779,,,0.0,0.95,True,pending,Line crop; human transcription required,
W001_P003_L022,lines_raw/W001_P003_L022.png,page_003.png,W001,81,775,688,805,,,0.0,0.95,True,pending,Line crop; human transcription required,
W001_P003_L023,lines_raw/W001_P003_L023.png,page_003.png,W001,81,801,688,829,,,0.0,0.95,True,pending,Line crop; human transcription required,
W001_P003_L024,lines_raw/W001_P003_L024.png,page_003.png,W001,81,825,688,854,,,0.0,0.95,True,pending,Line crop; human transcription required,
W001_P003_L025,lines_raw/W001_P003_L025.png,page_003.png,W001,81,850,685,879,,,0.0,0.95,True,pending,Line crop; human transcription required,
W001_P003_L026,lines_raw/W001_P003_L026.png,page_003.png,W001,81,875,688,905,,,0.0,0.95,True,pending,Line crop; human transcription required,
W001_P003_L027,lines_raw/W001_P003_L027.png,page_003.png,W001,81,901,688,929,,,0.0,0.95,True,pending,Line crop; human transcription required,
W001_P003_L028,lines_raw/W001_P003_L028.png,page_003.png,W001,81,925,688,953,,,0.0,0.95,True,pending,Line crop; human transcription required,
W001_P003_L029,lines_raw/W001_P003_L029.png,page_003.png,W001,81,949,688,979,,,0.0,0.95,True,pending,Line crop; human transcription required,
W001_P003_L030,lines_raw/W001_P003_L030.png,page_003.png,W001,81,975,661,1010,,,0.0,0.95,True,pending,Line crop; human transcription required,
W001_P004_L001,lines_raw/W001_P004_L001.png,page_004.png,W001,81,234,688,267,,,0.0,0.95,True,pending,Line crop; human transcription required,
W001_P004_L002,lines_raw/W001_P004_L002.png,page_004.png,W001,124,263,688,292,,,0.0,0.95,True,pending,Line crop; human transcription required,
W001_P004_L003,lines_raw/W001_P004_L003.png,page_004.png,W001,81,288,688,318,,,0.0,0.95,True,pending,Line crop; human transcription required,
W001_P004_L004,lines_raw/W001_P004_L004.png,page_004.png,W001,82,314,688,343,,,0.0,0.95,True,pending,Line crop; human transcription required,
W001_P004_L005,lines_raw/W001_P004_L005.png,page_004.png,W001,81,339,688,369,,,0.0,0.95,True,pending,Line crop; human transcription required,
W001_P004_L006,lines_raw/W001_P004_L006.png,page_004.png,W001,81,365,688,394,,,0.0,0.95,True,pending,Line crop; human transcription required,
W001_P004_L007,lines_raw/W001_P004_L007.png,page_004.png,W001,81,390,688,419,,,0.0,0.95,True,pending,Line crop; human transcription required,
W001_P004_L008,lines_raw/W001_P004_L008.png,page_004.png,W001,81,415,688,445,,,0.0,0.95,True,pending,Line crop; human transcription required,
W001_P004_L009,lines_raw/W001_P004_L009.png,page_004.png,W001,81,441,688,471,,,0.0,0.95,True,pending,Line crop; human transcription required,
W001_P004_L010,lines_raw/W001_P004_L010.png,page_004.png,W001,81,467,688,497,,,0.0,0.95,True,pending,Line crop; human transcription required,
W001_P004_L011,lines_raw/W001_P004_L011.png,page_004.png,W001,96,493,688,522,,,0.0,0.95,True,pending,Line crop; human transcription required,
W001_P004_L012,lines_raw/W001_P004_L012.png,page_004.png,W001,83,518,688,547,,,0.0,0.95,True,pending,Line crop; human transcription required,
W001_P004_L013,lines_raw/W001_P004_L013.png,page_004.png,W001,82,543,688,573,,,0.0,0.95,True,pending,Line crop; human transcription required,
W001_P004_L014,lines_raw/W001_P004_L014.png,page_004.png,W001,127,569,688,598,,,0.0,0.95,True,pending,Line crop; human transcription required,
W001_P004_L015,lines_raw/W001_P004_L015.png,page_004.png,W001,107,594,688,624,,,0.0,0.95,True,pending,Line crop; human transcription required,
W001_P004_L016,lines_raw/W001_P004_L016.png,page_004.png,W001,86,620,688,649,,,0.0,0.95,True,pending,Line crop; human transcription required,
W001_P004_L017,lines_raw/W001_P004_L017.png,page_004.png,W001,81,645,688,674,,,0.0,0.95,True,pending,Line crop; human transcription required,
W001_P004_L018,lines_raw/W001_P004_L018.png,page_004.png,W001,81,670,688,699,,,0.0,0.95,True,pending,Line crop; human transcription required,
W001_P004_L019,lines_raw/W001_P004_L019.png,page_004.png,W001,81,695,688,724,,,0.0,0.95,True,pending,Line crop; human transcription required,
W001_P004_L020,lines_raw/W001_P004_L020.png,page_004.png,W001,81,720,688,750,,,0.0,0.95,True,pending,Line crop; human transcription required,
W001_P004_L021,lines_raw/W001_P004_L021.png,page_004.png,W001,81,746,688,775,,,0.0,0.95,True,pending,Line crop; human transcription required,
W001_P004_L022,lines_raw/W001_P004_L022.png,page_004.png,W001,81,771,688,799,,,0.0,0.95,True,pending,Line crop; human transcription required,
W001_P004_L023,lines_raw/W001_P004_L023.png,page_004.png,W001,81,795,688,824,,,0.0,0.95,True,pending,Line crop; human transcription required,
W001_P004_L024,lines_raw/W001_P004_L024.png,page_004.png,W001,81,820,688,849,,,0.0,0.95,True,pending,Line crop; human transcription required,
W001_P004_L025,lines_raw/W001_P004_L025.png,page_004.png,W001,113,845,688,874,,,0.0,0.95,True,pending,Line crop; human transcription required,
W001_P004_L026,lines_raw/W001_P004_L026.png,page_004.png,W001,81,870,688,899,,,0.0,0.95,True,pending,Line crop; human transcription required,
W001_P004_L027,lines_raw/W001_P004_L027.png,page_004.png,W001,88,895,644,924,,,0.0,0.95,True,pending,Line crop; human transcription required,
W001_P004_L028,lines_raw/W001_P004_L028.png,page_004.png,W001,81,920,688,949,,,0.0,0.95,True,pending,Line crop; human transcription required,
W001_P004_L029,lines_raw/W001_P004_L029.png,page_004.png,W001,81,945,688,974,,,0.0,0.95,True,pending,Line crop; human transcription required,
W001_P004_L030,lines_raw/W001_P004_L030.png,page_004.png,W001,83,970,663,999,,,0.0,0.95,True,pending,Line crop; human transcription required,
W001_P005_L001,lines_raw/W001_P005_L001.png,page_005.png,W001,105,225,688,258,,,0.0,0.95,True,pending,Line crop; human transcription required; inspect possible header or source-overlay contamination,
W001_P005_L002,lines_raw/W001_P005_L002.png,page_005.png,W001,83,254,667,283,,,0.0,0.95,True,pending,Line crop; human transcription required,
W001_P005_L003,lines_raw/W001_P005_L003.png,page_005.png,W001,84,279,688,308,,,0.0,0.95,True,pending,Line crop; human transcription required,
W001_P005_L004,lines_raw/W001_P005_L004.png,page_005.png,W001,82,304,688,333,,,0.0,0.95,True,pending,Line crop; human transcription required,
W001_P005_L005,lines_raw/W001_P005_L005.png,page_005.png,W001,84,329,688,358,,,0.0,0.95,True,pending,Line crop; human transcription required,
W001_P005_L006,lines_raw/W001_P005_L006.png,page_005.png,W001,83,354,688,384,,,0.0,0.95,True,pending,Line crop; human transcription required,
W001_P005_L007,lines_raw/W001_P005_L007.png,page_005.png,W001,83,380,688,409,,,0.0,0.95,True,pending,Line crop; human transcription required,
W001_P005_L008,lines_raw/W001_P005_L008.png,page_005.png,W001,82,405,688,434,,,0.0,0.95,True,pending,Line crop; human transcription required,
W001_P005_L009,lines_raw/W001_P005_L009.png,page_005.png,W001,84,430,677,460,,,0.0,0.95,True,pending,Line crop; human transcription required,
W001_P005_L010,lines_raw/W001_P005_L010.png,page_005.png,W001,82,456,688,485,,,0.0,0.95,True,pending,Line crop; human transcription required,
W001_P005_L011,lines_raw/W001_P005_L011.png,page_005.png,W001,85,481,688,511,,,0.0,0.95,True,pending,Line crop; human transcription required,
W001_P005_L012,lines_raw/W001_P005_L012.png,page_005.png,W001,85,507,688,537,,,0.0,0.95,True,pending,Line crop; human transcription required,
W001_P005_L013,lines_raw/W001_P005_L013.png,page_005.png,W001,87,533,683,562,,,0.0,0.95,True,pending,Line crop; human transcription required,
W001_P005_L014,lines_raw/W001_P005_L014.png,page_005.png,W001,90,558,688,588,,,0.0,0.95,True,pending,Line crop; human transcription required,
W001_P005_L015,lines_raw/W001_P005_L015.png,page_005.png,W001,89,584,684,613,,,0.0,0.95,True,pending,Line crop; human transcription required,
W001_P005_L016,lines_raw/W001_P005_L016.png,page_005.png,W001,88,609,688,638,,,0.0,0.95,True,pending,Line crop; human transcription required,
W001_P005_L017,lines_raw/W001_P005_L017.png,page_005.png,W001,161,634,688,663,,,0.0,0.95,True,pending,Line crop; human transcription required,
W001_P005_L018,lines_raw/W001_P005_L018.png,page_005.png,W001,87,659,688,688,,,0.0,0.95,True,pending,Line crop; human transcription required,
W001_P005_L019,lines_raw/W001_P005_L019.png,page_005.png,W001,86,684,688,713,,,0.0,0.95,True,pending,Line crop; human transcription required,
W001_P005_L020,lines_raw/W001_P005_L020.png,page_005.png,W001,90,709,688,738,,,0.0,0.95,True,pending,Line crop; human transcription required,
W001_P005_L021,lines_raw/W001_P005_L021.png,page_005.png,W001,86,734,688,763,,,0.0,0.95,True,pending,Line crop; human transcription required,
W001_P005_L022,lines_raw/W001_P005_L022.png,page_005.png,W001,87,759,688,788,,,0.0,0.95,True,pending,Line crop; human transcription required,
W001_P005_L023,lines_raw/W001_P005_L023.png,page_005.png,W001,86,784,688,812,,,0.0,0.95,True,pending,Line crop; human transcription required,
W001_P005_L024,lines_raw/W001_P005_L024.png,page_005.png,W001,86,808,688,837,,,0.0,0.95,True,pending,Line crop; human transcription required,
W001_P005_L025,lines_raw/W001_P005_L025.png,page_005.png,W001,90,833,688,863,,,0.0,0.95,True,pending,Line crop; human transcription required,
W001_P005_L026,lines_raw/W001_P005_L026.png,page_005.png,W001,89,859,688,888,,,0.0,0.95,True,pending,Line crop; human transcription required,
W001_P005_L027,lines_raw/W001_P005_L027.png,page_005.png,W001,90,884,688,912,,,0.0,0.95,True,pending,Line crop; human transcription required,
W001_P005_L028,lines_raw/W001_P005_L028.png,page_005.png,W001,90,908,688,937,,,0.0,0.95,True,pending,Line crop; human transcription required,
W001_P005_L029,lines_raw/W001_P005_L029.png,page_005.png,W001,88,933,688,962,,,0.0,0.95,True,pending,Line crop; human transcription required,
W001_P005_L030,lines_raw/W001_P005_L030.png,page_005.png,W001,86,958,688,994,,,0.0,0.95,True,pending,Line crop; human transcription required,
W001_P006_L001,lines_raw/W001_P006_L001.png,page_006.png,W001,81,225,688,260,,,0.0,0.95,True,pending,Line crop; human transcription required; inspect possible header or source-overlay contamination,
W001_P006_L002,lines_raw/W001_P006_L002.png,page_006.png,W001,81,256,465,286,,,0.0,0.95,True,pending,Line crop; human transcription required,
W001_P006_L003,lines_raw/W001_P006_L003.png,page_006.png,W001,150,282,688,312,,,0.0,0.95,True,pending,Line crop; human transcription required,
W001_P006_L004,lines_raw/W001_P006_L004.png,page_006.png,W001,81,308,688,337,,,0.0,0.95,True,pending,Line crop; human transcription required,
W001_P006_L005,lines_raw/W001_P006_L005.png,page_006.png,W001,81,333,688,363,,,0.0,0.95,True,pending,Line crop; human transcription required,
W001_P006_L006,lines_raw/W001_P006_L006.png,page_006.png,W001,81,359,688,390,,,0.0,0.95,True,pending,Line crop; human transcription required,
W001_P006_L007,lines_raw/W001_P006_L007.png,page_006.png,W001,83,386,688,416,,,0.0,0.95,True,pending,Line crop; human transcription required,
W001_P006_L008,lines_raw/W001_P006_L008.png,page_006.png,W001,82,412,688,441,,,0.0,0.95,True,pending,Line crop; human transcription required,
W001_P006_L009,lines_raw/W001_P006_L009.png,page_006.png,W001,81,437,687,467,,,0.0,0.95,True,pending,Line crop; human transcription required,
W001_P006_L010,lines_raw/W001_P006_L010.png,page_006.png,W001,81,463,688,493,,,0.0,0.95,True,pending,Line crop; human transcription required,
W001_P006_L011,lines_raw/W001_P006_L011.png,page_006.png,W001,83,489,688,519,,,0.0,0.95,True,pending,Line crop; human transcription required,
W001_P006_L012,lines_raw/W001_P006_L012.png,page_006.png,W001,83,515,688,544,,,0.0,0.95,True,pending,Line crop; human transcription required,
W001_P006_L013,lines_raw/W001_P006_L013.png,page_006.png,W001,81,540,688,570,,,0.0,0.95,True,pending,Line crop; human transcription required,
W001_P006_L014,lines_raw/W001_P006_L014.png,page_006.png,W001,81,566,688,596,,,0.0,0.95,True,pending,Line crop; human transcription required,
W001_P006_L015,lines_raw/W001_P006_L015.png,page_006.png,W001,81,592,688,622,,,0.0,0.95,True,pending,Line crop; human transcription required,
W001_P006_L016,lines_raw/W001_P006_L016.png,page_006.png,W001,81,618,688,647,,,0.0,0.95,True,pending,Line crop; human transcription required,
W001_P006_L017,lines_raw/W001_P006_L017.png,page_006.png,W001,81,643,688,673,,,0.0,0.95,True,pending,Line crop; human transcription required,
W001_P006_L018,lines_raw/W001_P006_L018.png,page_006.png,W001,91,669,688,699,,,0.0,0.95,True,pending,Line crop; human transcription required,
W001_P006_L019,lines_raw/W001_P006_L019.png,page_006.png,W001,81,695,688,724,,,0.0,0.95,True,pending,Line crop; human transcription required,
W001_P006_L020,lines_raw/W001_P006_L020.png,page_006.png,W001,133,720,686,749,,,0.0,0.95,True,pending,Line crop; human transcription required,
W001_P006_L021,lines_raw/W001_P006_L021.png,page_006.png,W001,81,745,688,774,,,0.0,0.95,True,pending,Line crop; human transcription required,
W001_P006_L022,lines_raw/W001_P006_L022.png,page_006.png,W001,81,770,688,799,,,0.0,0.95,True,pending,Line crop; human transcription required,
W001_P006_L023,lines_raw/W001_P006_L023.png,page_006.png,W001,81,795,688,825,,,0.0,0.95,True,pending,Line crop; human transcription required,
W001_P006_L024,lines_raw/W001_P006_L024.png,page_006.png,W001,81,821,688,851,,,0.0,0.95,True,pending,Line crop; human transcription required,
W001_P006_L025,lines_raw/W001_P006_L025.png,page_006.png,W001,81,847,688,876,,,0.0,0.95,True,pending,Line crop; human transcription required,
W001_P006_L026,lines_raw/W001_P006_L026.png,page_006.png,W001,81,872,688,901,,,0.0,0.95,True,pending,Line crop; human transcription required,
W001_P006_L027,lines_raw/W001_P006_L027.png,page_006.png,W001,119,897,688,926,,,0.0,0.95,True,pending,Line crop; human transcription required,
W001_P006_L028,lines_raw/W001_P006_L028.png,page_006.png,W001,81,922,688,951,,,0.0,0.95,True,pending,Line crop; human transcription required,
W001_P006_L029,lines_raw/W001_P006_L029.png,page_006.png,W001,81,947,688,977,,,0.0,0.95,True,pending,Line crop; human transcription required,
W001_P006_L030,lines_raw/W001_P006_L030.png,page_006.png,W001,81,973,688,1008,,,0.0,0.95,True,pending,Line crop; human transcription required,
W001_P007_L001,lines_raw/W001_P007_L001.png,page_007.png,W001,81,232,677,264,,,0.0,0.95,True,pending,Line crop; human transcription required; inspect possible header or source-overlay contamination,
W001_P007_L002,lines_raw/W001_P007_L002.png,page_007.png,W001,81,260,688,289,,,0.0,0.95,True,pending,Line crop; human transcription required,
W001_P007_L003,lines_raw/W001_P007_L003.png,page_007.png,W001,81,285,688,315,,,0.0,0.95,True,pending,Line crop; human transcription required,
W001_P007_L004,lines_raw/W001_P007_L004.png,page_007.png,W001,81,311,688,340,,,0.0,0.95,True,pending,Line crop; human transcription required,
W001_P007_L005,lines_raw/W001_P007_L005.png,page_007.png,W001,81,336,674,366,,,0.0,0.95,True,pending,Line crop; human transcription required,
W001_P007_L006,lines_raw/W001_P007_L006.png,page_007.png,W001,81,362,688,391,,,0.0,0.95,True,pending,Line crop; human transcription required,
W001_P007_L007,lines_raw/W001_P007_L007.png,page_007.png,W001,96,387,688,417,,,0.0,0.95,True,pending,Line crop; human transcription required,
W001_P007_L008,lines_raw/W001_P007_L008.png,page_007.png,W001,81,413,688,443,,,0.0,0.95,True,pending,Line crop; human transcription required,
W001_P007_L009,lines_raw/W001_P007_L009.png,page_007.png,W001,81,439,688,468,,,0.0,0.95,True,pending,Line crop; human transcription required,
W001_P007_L010,lines_raw/W001_P007_L010.png,page_007.png,W001,81,464,680,494,,,0.0,0.95,True,pending,Line crop; human transcription required,
W001_P007_L011,lines_raw/W001_P007_L011.png,page_007.png,W001,81,490,684,519,,,0.0,0.95,True,pending,Line crop; human transcription required,
W001_P007_L012,lines_raw/W001_P007_L012.png,page_007.png,W001,81,515,688,545,,,0.0,0.95,True,pending,Line crop; human transcription required,
W001_P007_L013,lines_raw/W001_P007_L013.png,page_007.png,W001,81,541,688,570,,,0.0,0.95,True,pending,Line crop; human transcription required,
W001_P007_L014,lines_raw/W001_P007_L014.png,page_007.png,W001,81,566,687,596,,,0.0,0.95,True,pending,Line crop; human transcription required,
W001_P007_L015,lines_raw/W001_P007_L015.png,page_007.png,W001,81,592,682,621,,,0.0,0.95,True,pending,Line crop; human transcription required,
W001_P007_L016,lines_raw/W001_P007_L016.png,page_007.png,W001,81,617,687,647,,,0.0,0.95,True,pending,Line crop; human transcription required,
W001_P007_L017,lines_raw/W001_P007_L017.png,page_007.png,W001,81,643,628,672,,,0.0,0.95,True,pending,Line crop; human transcription required,
W001_P007_L018,lines_raw/W001_P007_L018.png,page_007.png,W001,121,668,688,697,,,0.0,0.95,True,pending,Line crop; human transcription required,
W001_P007_L019,lines_raw/W001_P007_L019.png,page_007.png,W001,81,693,688,722,,,0.0,0.95,True,pending,Line crop; human transcription required,
W001_P007_L020,lines_raw/W001_P007_L020.png,page_007.png,W001,81,718,687,747,,,0.0,0.95,True,pending,Line crop; human transcription required,
W001_P007_L021,lines_raw/W001_P007_L021.png,page_007.png,W001,82,743,688,772,,,0.0,0.95,True,pending,Line crop; human transcription required,
W001_P007_L022,lines_raw/W001_P007_L022.png,page_007.png,W001,81,768,688,797,,,0.0,0.95,True,pending,Line crop; human transcription required,
W001_P007_L023,lines_raw/W001_P007_L023.png,page_007.png,W001,81,793,217,823,,,0.0,0.95,True,pending,Line crop; human transcription required,
W001_P007_L024,lines_raw/W001_P007_L024.png,page_007.png,W001,151,819,688,847,,,0.0,0.95,True,pending,Line crop; human transcription required,
W001_P007_L025,lines_raw/W001_P007_L025.png,page_007.png,W001,81,843,688,872,,,0.0,0.95,True,pending,Line crop; human transcription required,
W001_P007_L026,lines_raw/W001_P007_L026.png,page_007.png,W001,81,868,688,896,,,0.0,0.95,True,pending,Line crop; human transcription required,
W001_P007_L027,lines_raw/W001_P007_L027.png,page_007.png,W001,81,892,683,921,,,0.0,0.95,True,pending,Line crop; human transcription required,
W001_P007_L028,lines_raw/W001_P007_L028.png,page_007.png,W001,81,917,648,946,,,0.0,0.95,True,pending,Line crop; human transcription required,
W001_P007_L029,lines_raw/W001_P007_L029.png,page_007.png,W001,81,942,688,971,,,0.0,0.95,True,pending,Line crop; human transcription required,
W001_P007_L030,lines_raw/W001_P007_L030.png,page_007.png,W001,81,967,686,1003,,,0.0,0.95,True,pending,Line crop; human transcription required,
